カスタムフィールドID,表示内容,URL,表示デバイス,状態
"1","<span>『俺の夢』の求人・転職情報一覧</span><br />施工管理・現場監督の求人・転職情報を探すなら俺の夢！50代、60代活躍中の施工管理のお仕事、年収1,000万円以上のお仕事など、資格や経験が活かせる仕事が満載です！施工管理・現場監督への転職なら『俺の夢』にお任せ下さい！","/pref/search/ALL/","0","1"
"2","<span>『俺の夢』の求人・転職情報一覧</span><br />施工管理・現場監督の求人・転職情報を探すなら俺の夢！50代、60代活躍中の施工管理のお仕事、年収1,000万円以上のお仕事など、資格や経験が活かせる仕事が満載です！施工管理・現場監督への転職なら『俺の夢』にお任せ下さい！ ","/pref/search/ALL/","1","1"
"3","<img src=""/data/contents/oiwaiBanner.png"" alt=""最大100,000円の入社お祝い金がおもらえる!!"" /><span>お祝い金がもらえる求人・転職情報一覧</span><span class=""oiwai_caution"">※お祝い金支給には条件があります。詳細についてはお問い合わせ下さい。</span><br />求人に応募して入社が決まったら、最大10万円の入社お祝い金を差し上げます！！<br />『俺の夢』では、50代、60代活躍中のお仕事、年収1,000万円以上のお仕事など、資格や経験が活かせる仕事が満載です！","/pref/merit/MC165/","0","1"
"4","<img src=""/data/contents/oiwaiBanner.png"" alt=""最大100,000円の入社お祝い金がおもらえる!!"" /><div class=""oiwai_caution"">※お祝い金支給には条件があります。詳細についてはお問い合わせ下さい。</div><span>お祝い金がもらえる求人・転職情報一覧</span><br />求人に応募して入社が決まったら、最大10万円の入社お祝い金を差し上げます！！<br />『俺の夢』では、50代、60代活躍中のお仕事、年収1,000万円以上のお仕事など、資格や経験が活かせる仕事が満載です！","/pref/merit/MC165/","1","1"
"5","<span>東京都の求人・転職情報一覧</span><br />東京都の施工管理・現場監督の求人・転職情報を探すなら俺の夢！50代、60代活躍中の施工管理のお仕事、年収1,000万円以上のお仕事など、資格や経験が活かせる仕事が満載です！施工管理・現場監督への転職なら『俺の夢』にお任せ下さい！  ","/pref/area/PC13/","0","1"
"6","<span>東京都の求人・転職情報一覧</span><br />東京都の施工管理・現場監督の求人・転職情報を探すなら俺の夢！50代、60代活躍中の施工管理のお仕事、年収1,000万円以上のお仕事など、資格や経験が活かせる仕事が満載です！施工管理・現場監督への転職なら『俺の夢』にお任せ下さい！  ","/pref/area/PC13/DG340,341,342,343,344,345,346,347,348,349,350,351,352,353,354,355,356,357,358,359,360,361,362,363,364,365,366,367,368/","1","1"
"7","<span>千葉県の求人・転職情報一覧</span><br />千葉県の施工管理・現場監督の求人・転職情報を探すなら俺の夢！50代、60代活躍中の施工管理のお仕事、年収1,000万円以上のお仕事など、資格や経験が活かせる仕事が満載です！施工管理・現場監督への転職なら『俺の夢』にお任せ下さい！  ","/pref/area/PC12/","0","1"
"8","<span>千葉県の求人・転職情報一覧</span><br />千葉県の施工管理・現場監督の求人・転職情報を探すなら俺の夢！50代、60代活躍中の施工管理のお仕事、年収1,000万円以上のお仕事など、資格や経験が活かせる仕事が満載です！施工管理・現場監督への転職なら『俺の夢』にお任せ下さい！  ","/pref/area/PC12/DG335,336,337,338,339/","1","1"
"9","<span>神奈川県の求人・転職情報一覧</span><br />神奈川県の施工管理・現場監督の求人・転職情報を探すなら俺の夢！50代、60代活躍中の施工管理のお仕事、年収1,000万円以上のお仕事など、資格や経験が活かせる仕事が満載です！施工管理・現場監督への転職なら『俺の夢』にお任せ下さい！  ","/pref/area/PC14/","0","1"
"10","<span>神奈川県の求人・転職情報一覧</span><br />神奈川県の施工管理・現場監督の求人・転職情報を探すなら俺の夢！50代、60代活躍中の施工管理のお仕事、年収1,000万円以上のお仕事など、資格や経験が活かせる仕事が満載です！施工管理・現場監督への転職なら『俺の夢』にお任せ下さい！  ","/pref/area/PC14/DG369,370,371,372,373,374,375,376/","1","1"
"11","<span>埼玉県の求人・転職情報一覧</span><br />埼玉県の施工管理・現場監督の求人・転職情報を探すなら俺の夢！50代、60代活躍中の施工管理のお仕事、年収1,000万円以上のお仕事など、資格や経験が活かせる仕事が満載です！施工管理・現場監督への転職なら『俺の夢』にお任せ下さい！  ","/pref/area/PC11/","0","1"
"12","<span>埼玉県の求人・転職情報一覧</span><br />埼玉県の施工管理・現場監督の求人・転職情報を探すなら俺の夢！50代、60代活躍中の施工管理のお仕事、年収1,000万円以上のお仕事など、資格や経験が活かせる仕事が満載です！施工管理・現場監督への転職なら『俺の夢』にお任せ下さい！  ","/pref/area/PC11/DG329,330,331,332,333,334/","1","1"
"13","<span>茨城県の求人・転職情報一覧</span><br />茨城県の施工管理・現場監督の求人・転職情報を探すなら俺の夢！50代、60代活躍中の施工管理のお仕事、年収1,000万円以上のお仕事など、資格や経験が活かせる仕事が満載です！施工管理・現場監督への転職なら『俺の夢』にお任せ下さい！  ","/pref/area/PC8/","0","1"
"14","<span>茨城県の求人・転職情報一覧</span><br />茨城県の施工管理・現場監督の求人・転職情報を探すなら俺の夢！50代、60代活躍中の施工管理のお仕事、年収1,000万円以上のお仕事など、資格や経験が活かせる仕事が満載です！施工管理・現場監督への転職なら『俺の夢』にお任せ下さい！  ","/pref/area/PC8/DG313,314,315,316,317/","1","1"
"15","<span>栃木県の求人・転職情報一覧</span><br />栃木県の施工管理・現場監督の求人・転職情報を探すなら俺の夢！50代、60代活躍中の施工管理のお仕事、年収1,000万円以上のお仕事など、資格や経験が活かせる仕事が満載です！施工管理・現場監督への転職なら『俺の夢』にお任せ下さい！  ","/pref/area/PC9/","0","1"
"16","<span>栃木県の求人・転職情報一覧</span><br />栃木県の施工管理・現場監督の求人・転職情報を探すなら俺の夢！50代、60代活躍中の施工管理のお仕事、年収1,000万円以上のお仕事など、資格や経験が活かせる仕事が満載です！施工管理・現場監督への転職なら『俺の夢』にお任せ下さい！  ","/pref/area/PC9/DG318,319,320,321,322,323/","1","1"
"17","<span>群馬県の求人・転職情報一覧</span><br />群馬県の施工管理・現場監督の求人・転職情報を探すなら俺の夢！50代、60代活躍中の施工管理のお仕事、年収1,000万円以上のお仕事など、資格や経験が活かせる仕事が満載です！施工管理・現場監督への転職なら『俺の夢』にお任せ下さい！  ","/pref/area/PC10/","0","1"
"18","<span>群馬県の求人・転職情報一覧</span><br />群馬県の施工管理・現場監督の求人・転職情報を探すなら俺の夢！50代、60代活躍中の施工管理のお仕事、年収1,000万円以上のお仕事など、資格や経験が活かせる仕事が満載です！施工管理・現場監督への転職なら『俺の夢』にお任せ下さい！  ","/pref/area/PC10/DG324,325,326/","1","1"
"19","<span>青森県の求人・転職情報一覧</span><br />青森県の施工管理・現場監督の求人・転職情報を探すなら俺の夢！50代、60代活躍中の施工管理のお仕事、年収1,000万円以上のお仕事など、資格や経験が活かせる仕事が満載です！施工管理・現場監督への転職なら『俺の夢』にお任せ下さい！  ","/pref/area/PC2/","0","1"
"20","<span>青森県の求人・転職情報一覧</span><br />青森県の施工管理・現場監督の求人・転職情報を探すなら俺の夢！50代、60代活躍中の施工管理のお仕事、年収1,000万円以上のお仕事など、資格や経験が活かせる仕事が満載です！施工管理・現場監督への転職なら『俺の夢』にお任せ下さい！  ","/pref/area/PC2/DG280,281,282,283,284,285/","1","1"
"21","<span>岩手県の求人・転職情報一覧</span><br />岩手県の施工管理・現場監督の求人・転職情報を探すなら俺の夢！50代、60代活躍中の施工管理のお仕事、年収1,000万円以上のお仕事など、資格や経験が活かせる仕事が満載です！施工管理・現場監督への転職なら『俺の夢』にお任せ下さい！  ","/pref/area/PC3/","0","1"
"22","<span>岩手県の求人・転職情報一覧</span><br />岩手県の施工管理・現場監督の求人・転職情報を探すなら俺の夢！50代、60代活躍中の施工管理のお仕事、年収1,000万円以上のお仕事など、資格や経験が活かせる仕事が満載です！施工管理・現場監督への転職なら『俺の夢』にお任せ下さい！  ","/pref/area/PC3/DG286,287,288,289,290,291/","1","1"
"23","<span>宮城県の求人・転職情報一覧</span><br />宮城県の施工管理・現場監督の求人・転職情報を探すなら俺の夢！50代、60代活躍中の施工管理のお仕事、年収1,000万円以上のお仕事など、資格や経験が活かせる仕事が満載です！施工管理・現場監督への転職なら『俺の夢』にお任せ下さい！  ","/pref/area/PC4/","0","1"
"24","<span>宮城県の求人・転職情報一覧</span><br />宮城県の施工管理・現場監督の求人・転職情報を探すなら俺の夢！50代、60代活躍中の施工管理のお仕事、年収1,000万円以上のお仕事など、資格や経験が活かせる仕事が満載です！施工管理・現場監督への転職なら『俺の夢』にお任せ下さい！  ","/pref/area/PC4/DG292,293,294,295/","1","1"
"25","<span>秋田県の求人・転職情報一覧</span><br />秋田県の施工管理・現場監督の求人・転職情報を探すなら俺の夢！50代、60代活躍中の施工管理のお仕事、年収1,000万円以上のお仕事など、資格や経験が活かせる仕事が満載です！施工管理・現場監督への転職なら『俺の夢』にお任せ下さい！  ","/pref/area/PC5/","0","1"
"26","<span>秋田県の求人・転職情報一覧</span><br />秋田県の施工管理・現場監督の求人・転職情報を探すなら俺の夢！50代、60代活躍中の施工管理のお仕事、年収1,000万円以上のお仕事など、資格や経験が活かせる仕事が満載です！施工管理・現場監督への転職なら『俺の夢』にお任せ下さい！  ","/pref/area/PC5/DG297,298,299,300,301,302/","1","1"
"27","<span>山形県の求人・転職情報一覧</span><br />山形県の施工管理・現場監督の求人・転職情報を探すなら俺の夢！50代、60代活躍中の施工管理のお仕事、年収1,000万円以上のお仕事など、資格や経験が活かせる仕事が満載です！施工管理・現場監督への転職なら『俺の夢』にお任せ下さい！  ","/pref/area/PC6/","0","1"
"28","<span>山形県の求人・転職情報一覧</span><br />山形県の施工管理・現場監督の求人・転職情報を探すなら俺の夢！50代、60代活躍中の施工管理のお仕事、年収1,000万円以上のお仕事など、資格や経験が活かせる仕事が満載です！施工管理・現場監督への転職なら『俺の夢』にお任せ下さい！  ","/pref/area/PC6/DG303,304,305,306,307,308/","1","1"
"29","<span>福島県の求人・転職情報一覧</span><br />福島県の施工管理・現場監督の求人・転職情報を探すなら俺の夢！50代、60代活躍中の施工管理のお仕事、年収1,000万円以上のお仕事など、資格や経験が活かせる仕事が満載です！施工管理・現場監督への転職なら『俺の夢』にお任せ下さい！  ","/pref/area/PC7/","0","1"
"30","<span>福島県の求人・転職情報一覧</span><br />福島県の施工管理・現場監督の求人・転職情報を探すなら俺の夢！50代、60代活躍中の施工管理のお仕事、年収1,000万円以上のお仕事など、資格や経験が活かせる仕事が満載です！施工管理・現場監督への転職なら『俺の夢』にお任せ下さい！  ","/pref/area/PC7/DG309,310,311,312/","1","1"
"31","<span>北海道の求人・転職情報一覧</span><br />北海道の施工管理・現場監督の求人・転職情報を探すなら俺の夢！50代、60代活躍中の施工管理のお仕事、年収1,000万円以上のお仕事など、資格や経験が活かせる仕事が満載です！施工管理・現場監督への転職なら『俺の夢』にお任せ下さい！  ","/pref/area/PC1/","0","1"
"32","<span>北海道の求人・転職情報一覧</span><br />北海道の施工管理・現場監督の求人・転職情報を探すなら俺の夢！50代、60代活躍中の施工管理のお仕事、年収1,000万円以上のお仕事など、資格や経験が活かせる仕事が満載です！施工管理・現場監督への転職なら『俺の夢』にお任せ下さい！  ","/pref/area/PC1/DG70,276,277/","1","1"
"33","<span>静岡県の求人・転職情報一覧</span><br />静岡県の施工管理・現場監督の求人・転職情報を探すなら俺の夢！50代、60代活躍中の施工管理のお仕事、年収1,000万円以上のお仕事など、資格や経験が活かせる仕事が満載です！施工管理・現場監督への転職なら『俺の夢』にお任せ下さい！  ","/pref/area/PC22/","0","1"
"34","<span>静岡県の求人・転職情報一覧</span><br />静岡県の施工管理・現場監督の求人・転職情報を探すなら俺の夢！50代、60代活躍中の施工管理のお仕事、年収1,000万円以上のお仕事など、資格や経験が活かせる仕事が満載です！施工管理・現場監督への転職なら『俺の夢』にお任せ下さい！  ","/pref/area/PC22/DG403,404,405,406,407,408/","1","1"
"35","<span>岐阜県の求人・転職情報一覧</span><br />岐阜県の施工管理・現場監督の求人・転職情報を探すなら俺の夢！50代、60代活躍中の施工管理のお仕事、年収1,000万円以上のお仕事など、資格や経験が活かせる仕事が満載です！施工管理・現場監督への転職なら『俺の夢』にお任せ下さい！  ","/pref/area/PC21/","0","1"
"36","<span>岐阜県の求人・転職情報一覧</span><br />岐阜県の施工管理・現場監督の求人・転職情報を探すなら俺の夢！50代、60代活躍中の施工管理のお仕事、年収1,000万円以上のお仕事など、資格や経験が活かせる仕事が満載です！施工管理・現場監督への転職なら『俺の夢』にお任せ下さい！  ","/pref/area/PC21/DG399,400,401,402/","1","1"
"37","<span>愛知県の求人・転職情報一覧</span><br />愛知県の施工管理・現場監督の求人・転職情報を探すなら俺の夢！50代、60代活躍中の施工管理のお仕事、年収1,000万円以上のお仕事など、資格や経験が活かせる仕事が満載です！施工管理・現場監督への転職なら『俺の夢』にお任せ下さい！  ","/pref/area/PC23/","0","1"
"38","<span>愛知県の求人・転職情報一覧</span><br />愛知県の施工管理・現場監督の求人・転職情報を探すなら俺の夢！50代、60代活躍中の施工管理のお仕事、年収1,000万円以上のお仕事など、資格や経験が活かせる仕事が満載です！施工管理・現場監督への転職なら『俺の夢』にお任せ下さい！  ","/pref/area/PC23/DG409,410,411,412,413,414/","1","1"
"39","<span>三重県の求人・転職情報一覧</span><br />三重県の施工管理・現場監督の求人・転職情報を探すなら俺の夢！50代、60代活躍中の施工管理のお仕事、年収1,000万円以上のお仕事など、資格や経験が活かせる仕事が満載です！施工管理・現場監督への転職なら『俺の夢』にお任せ下さい！  ","/pref/area/PC24/","0","1"
"40","<span>三重県の求人・転職情報一覧</span><br />三重県の施工管理・現場監督の求人・転職情報を探すなら俺の夢！50代、60代活躍中の施工管理のお仕事、年収1,000万円以上のお仕事など、資格や経験が活かせる仕事が満載です！施工管理・現場監督への転職なら『俺の夢』にお任せ下さい！  ","/pref/area/PC24/DG415,416,417,418/","1","1"
"41","<span>京都府の求人・転職情報一覧</span><br />京都府の施工管理・現場監督の求人・転職情報を探すなら俺の夢！50代、60代活躍中の施工管理のお仕事、年収1,000万円以上のお仕事など、資格や経験が活かせる仕事が満載です！施工管理・現場監督への転職なら『俺の夢』にお任せ下さい！  ","/pref/area/PC26/","0","1"
"42","<span>京都府の求人・転職情報一覧</span><br />京都府の施工管理・現場監督の求人・転職情報を探すなら俺の夢！50代、60代活躍中の施工管理のお仕事、年収1,000万円以上のお仕事など、資格や経験が活かせる仕事が満載です！施工管理・現場監督への転職なら『俺の夢』にお任せ下さい！  ","/pref/area/PC26/DG421,422,423,424/","1","1"
"43","<span>大阪府の求人・転職情報一覧</span><br />大阪府の施工管理・現場監督の求人・転職情報を探すなら俺の夢！50代、60代活躍中の施工管理のお仕事、年収1,000万円以上のお仕事など、資格や経験が活かせる仕事が満載です！施工管理・現場監督への転職なら『俺の夢』にお任せ下さい！  ","/pref/area/PC27/","0","1"
"44","<span>大阪府の求人・転職情報一覧</span><br />大阪府の施工管理・現場監督の求人・転職情報を探すなら俺の夢！50代、60代活躍中の施工管理のお仕事、年収1,000万円以上のお仕事など、資格や経験が活かせる仕事が満載です！施工管理・現場監督への転職なら『俺の夢』にお任せ下さい！  ","/pref/area/PC27/DG425,426,427,428,429,430,431,432,433/","1","1"
"45","<span>兵庫県の求人・転職情報一覧</span><br />兵庫県の施工管理・現場監督の求人・転職情報を探すなら俺の夢！50代、60代活躍中の施工管理のお仕事、年収1,000万円以上のお仕事など、資格や経験が活かせる仕事が満載です！施工管理・現場監督への転職なら『俺の夢』にお任せ下さい！  ","/pref/area/PC28/","0","1"
"46","<span>兵庫県の求人・転職情報一覧</span><br />兵庫県の施工管理・現場監督の求人・転職情報を探すなら俺の夢！50代、60代活躍中の施工管理のお仕事、年収1,000万円以上のお仕事など、資格や経験が活かせる仕事が満載です！施工管理・現場監督への転職なら『俺の夢』にお任せ下さい！  ","/pref/area/PC28/DG434,435,436,437,438/","1","1"
"47","<span>奈良県の求人・転職情報一覧</span><br />奈良県の施工管理・現場監督の求人・転職情報を探すなら俺の夢！50代、60代活躍中の施工管理のお仕事、年収1,000万円以上のお仕事など、資格や経験が活かせる仕事が満載です！施工管理・現場監督への転職なら『俺の夢』にお任せ下さい！  ","/pref/area/PC29/","0","1"
"48","<span>奈良県の求人・転職情報一覧</span><br />奈良県の施工管理・現場監督の求人・転職情報を探すなら俺の夢！50代、60代活躍中の施工管理のお仕事、年収1,000万円以上のお仕事など、資格や経験が活かせる仕事が満載です！施工管理・現場監督への転職なら『俺の夢』にお任せ下さい！  ","/pref/area/PC29/DG439,440,441/","1","1"
"49","<span>滋賀県の求人・転職情報一覧</span><br />滋賀県の施工管理・現場監督の求人・転職情報を探すなら俺の夢！50代、60代活躍中の施工管理のお仕事、年収1,000万円以上のお仕事など、資格や経験が活かせる仕事が満載です！施工管理・現場監督への転職なら『俺の夢』にお任せ下さい！  ","/pref/area/PC25/","0","1"
"50","<span>滋賀県の求人・転職情報一覧</span><br />滋賀県の施工管理・現場監督の求人・転職情報を探すなら俺の夢！50代、60代活躍中の施工管理のお仕事、年収1,000万円以上のお仕事など、資格や経験が活かせる仕事が満載です！施工管理・現場監督への転職なら『俺の夢』にお任せ下さい！  ","/pref/area/PC25/DG419,420/","1","1"
"51","<span>和歌山県の求人・転職情報一覧</span><br />和歌山県の施工管理・現場監督の求人・転職情報を探すなら俺の夢！50代、60代活躍中の施工管理のお仕事、年収1,000万円以上のお仕事など、資格や経験が活かせる仕事が満載です！施工管理・現場監督への転職なら『俺の夢』にお任せ下さい！  ","/pref/area/PC30/","0","1"
"52","<span>和歌山県の求人・転職情報一覧</span><br />和歌山県の施工管理・現場監督の求人・転職情報を探すなら俺の夢！50代、60代活躍中の施工管理のお仕事、年収1,000万円以上のお仕事など、資格や経験が活かせる仕事が満載です！施工管理・現場監督への転職なら『俺の夢』にお任せ下さい！  ","/pref/area/PC30/DG442,443,444/","1","1"
"53","<span>新潟県の求人・転職情報一覧</span><br />新潟県の施工管理・現場監督の求人・転職情報を探すなら俺の夢！50代、60代活躍中の施工管理のお仕事、年収1,000万円以上のお仕事など、資格や経験が活かせる仕事が満載です！施工管理・現場監督への転職なら『俺の夢』にお任せ下さい！  ","/pref/area/PC15/","0","1"
"54","<span>新潟県の求人・転職情報一覧</span><br />新潟県の施工管理・現場監督の求人・転職情報を探すなら俺の夢！50代、60代活躍中の施工管理のお仕事、年収1,000万円以上のお仕事など、資格や経験が活かせる仕事が満載です！施工管理・現場監督への転職なら『俺の夢』にお任せ下さい！  ","/pref/area/PC15/DG377,378,379,380/","1","1"
"55","<span>富山県の求人・転職情報一覧</span><br />富山県の施工管理・現場監督の求人・転職情報を探すなら俺の夢！50代、60代活躍中の施工管理のお仕事、年収1,000万円以上のお仕事など、資格や経験が活かせる仕事が満載です！施工管理・現場監督への転職なら『俺の夢』にお任せ下さい！  ","/pref/area/PC16/","0","1"
"56","<span>富山県の求人・転職情報一覧</span><br />富山県の施工管理・現場監督の求人・転職情報を探すなら俺の夢！50代、60代活躍中の施工管理のお仕事、年収1,000万円以上のお仕事など、資格や経験が活かせる仕事が満載です！施工管理・現場監督への転職なら『俺の夢』にお任せ下さい！  ","/pref/area/PC16/DG381,382,383/","1","1"
"57","<span>石川県の求人・転職情報一覧</span><br />石川県の施工管理・現場監督の求人・転職情報を探すなら俺の夢！50代、60代活躍中の施工管理のお仕事、年収1,000万円以上のお仕事など、資格や経験が活かせる仕事が満載です！施工管理・現場監督への転職なら『俺の夢』にお任せ下さい！  ","/pref/area/PC17/","0","1"
"58","<span>石川県の求人・転職情報一覧</span><br />石川県の施工管理・現場監督の求人・転職情報を探すなら俺の夢！50代、60代活躍中の施工管理のお仕事、年収1,000万円以上のお仕事など、資格や経験が活かせる仕事が満載です！施工管理・現場監督への転職なら『俺の夢』にお任せ下さい！  ","/pref/area/PC17/DG384,385,386/","1","1"
"59","<span>福井県の求人・転職情報一覧</span><br />福井県の施工管理・現場監督の求人・転職情報を探すなら俺の夢！50代、60代活躍中の施工管理のお仕事、年収1,000万円以上のお仕事など、資格や経験が活かせる仕事が満載です！施工管理・現場監督への転職なら『俺の夢』にお任せ下さい！  ","/pref/area/PC18/","0","1"
"60","<span>福井県の求人・転職情報一覧</span><br />福井県の施工管理・現場監督の求人・転職情報を探すなら俺の夢！50代、60代活躍中の施工管理のお仕事、年収1,000万円以上のお仕事など、資格や経験が活かせる仕事が満載です！施工管理・現場監督への転職なら『俺の夢』にお任せ下さい！  ","/pref/area/PC18/DG387,388,389/","1","1"
"61","<span>山梨県の求人・転職情報一覧</span><br />山梨県の施工管理・現場監督の求人・転職情報を探すなら俺の夢！50代、60代活躍中の施工管理のお仕事、年収1,000万円以上のお仕事など、資格や経験が活かせる仕事が満載です！施工管理・現場監督への転職なら『俺の夢』にお任せ下さい！  ","/pref/area/PC19/","0","1"
"62","<span>山梨県の求人・転職情報一覧</span><br />山梨県の施工管理・現場監督の求人・転職情報を探すなら俺の夢！50代、60代活躍中の施工管理のお仕事、年収1,000万円以上のお仕事など、資格や経験が活かせる仕事が満載です！施工管理・現場監督への転職なら『俺の夢』にお任せ下さい！  ","/pref/area/PC19/DG390,391,392,393,394/","1","1"
"63","<span>長野県の求人・転職情報一覧</span><br />長野県の施工管理・現場監督の求人・転職情報を探すなら俺の夢！50代、60代活躍中の施工管理のお仕事、年収1,000万円以上のお仕事など、資格や経験が活かせる仕事が満載です！施工管理・現場監督への転職なら『俺の夢』にお任せ下さい！  ","/pref/area/PC20/","0","1"
"64","<span>長野県の求人・転職情報一覧</span><br />長野県の施工管理・現場監督の求人・転職情報を探すなら俺の夢！50代、60代活躍中の施工管理のお仕事、年収1,000万円以上のお仕事など、資格や経験が活かせる仕事が満載です！施工管理・現場監督への転職なら『俺の夢』にお任せ下さい！  ","/pref/area/PC20/DG395,396,397,398/","1","1"
"65","<span>鳥取県の求人・転職情報一覧</span><br />鳥取県の施工管理・現場監督の求人・転職情報を探すなら俺の夢！50代、60代活躍中の施工管理のお仕事、年収1,000万円以上のお仕事など、資格や経験が活かせる仕事が満載です！施工管理・現場監督への転職なら『俺の夢』にお任せ下さい！  ","/pref/area/PC31/","0","1"
"66","<span>鳥取県の求人・転職情報一覧</span><br />鳥取県の施工管理・現場監督の求人・転職情報を探すなら俺の夢！50代、60代活躍中の施工管理のお仕事、年収1,000万円以上のお仕事など、資格や経験が活かせる仕事が満載です！施工管理・現場監督への転職なら『俺の夢』にお任せ下さい！  ","/pref/area/PC31/DG445,446/","1","1"
"67","<span>島根県の求人・転職情報一覧</span><br />島根県の施工管理・現場監督の求人・転職情報を探すなら俺の夢！50代、60代活躍中の施工管理のお仕事、年収1,000万円以上のお仕事など、資格や経験が活かせる仕事が満載です！施工管理・現場監督への転職なら『俺の夢』にお任せ下さい！  ","/pref/area/PC32/","0","1"
"68","<span>島根県の求人・転職情報一覧</span><br />島根県の施工管理・現場監督の求人・転職情報を探すなら俺の夢！50代、60代活躍中の施工管理のお仕事、年収1,000万円以上のお仕事など、資格や経験が活かせる仕事が満載です！施工管理・現場監督への転職なら『俺の夢』にお任せ下さい！  ","/pref/area/PC32/DG447,448/","1","1"
"69","<span>岡山県の求人・転職情報一覧</span><br />岡山県の施工管理・現場監督の求人・転職情報を探すなら俺の夢！50代、60代活躍中の施工管理のお仕事、年収1,000万円以上のお仕事など、資格や経験が活かせる仕事が満載です！施工管理・現場監督への転職なら『俺の夢』にお任せ下さい！  ","/pref/area/PC33/","0","1"
"70","<span>岡山県の求人・転職情報一覧</span><br />岡山県の施工管理・現場監督の求人・転職情報を探すなら俺の夢！50代、60代活躍中の施工管理のお仕事、年収1,000万円以上のお仕事など、資格や経験が活かせる仕事が満載です！施工管理・現場監督への転職なら『俺の夢』にお任せ下さい！  ","/pref/area/PC33/DG195,249,250/","1","1"
"71","<span>広島県の求人・転職情報一覧</span><br />広島県の施工管理・現場監督の求人・転職情報を探すなら俺の夢！50代、60代活躍中の施工管理のお仕事、年収1,000万円以上のお仕事など、資格や経験が活かせる仕事が満載です！施工管理・現場監督への転職なら『俺の夢』にお任せ下さい！  ","/pref/area/PC34/","0","1"
"72","<span>広島県の求人・転職情報一覧</span><br />広島県の施工管理・現場監督の求人・転職情報を探すなら俺の夢！50代、60代活躍中の施工管理のお仕事、年収1,000万円以上のお仕事など、資格や経験が活かせる仕事が満載です！施工管理・現場監督への転職なら『俺の夢』にお任せ下さい！  ","/pref/area/PC34/DG197,251,252/","1","1"
"73","<span>山口県の求人・転職情報一覧</span><br />山口県の施工管理・現場監督の求人・転職情報を探すなら俺の夢！50代、60代活躍中の施工管理のお仕事、年収1,000万円以上のお仕事など、資格や経験が活かせる仕事が満載です！施工管理・現場監督への転職なら『俺の夢』にお任せ下さい！  ","/pref/area/PC35/","0","1"
"74","<span>山口県の求人・転職情報一覧</span><br />山口県の施工管理・現場監督の求人・転職情報を探すなら俺の夢！50代、60代活躍中の施工管理のお仕事、年収1,000万円以上のお仕事など、資格や経験が活かせる仕事が満載です！施工管理・現場監督への転職なら『俺の夢』にお任せ下さい！  ","/pref/area/PC35/DG200,253,254/","1","1"
"75","<span>徳島県の求人・転職情報一覧</span><br />徳島県の施工管理・現場監督の求人・転職情報を探すなら俺の夢！50代、60代活躍中の施工管理のお仕事、年収1,000万円以上のお仕事など、資格や経験が活かせる仕事が満載です！施工管理・現場監督への転職なら『俺の夢』にお任せ下さい！  ","/pref/area/PC36/","0","1"
"76","<span>徳島県の求人・転職情報一覧</span><br />徳島県の施工管理・現場監督の求人・転職情報を探すなら俺の夢！50代、60代活躍中の施工管理のお仕事、年収1,000万円以上のお仕事など、資格や経験が活かせる仕事が満載です！施工管理・現場監督への転職なら『俺の夢』にお任せ下さい！  ","/pref/area/PC36/DG202,255/","1","1"
"77","<span>香川県の求人・転職情報一覧</span><br />香川県の施工管理・現場監督の求人・転職情報を探すなら俺の夢！50代、60代活躍中の施工管理のお仕事、年収1,000万円以上のお仕事など、資格や経験が活かせる仕事が満載です！施工管理・現場監督への転職なら『俺の夢』にお任せ下さい！  ","/pref/area/PC37/","0","1"
"78","<span>香川県の求人・転職情報一覧</span><br />香川県の施工管理・現場監督の求人・転職情報を探すなら俺の夢！50代、60代活躍中の施工管理のお仕事、年収1,000万円以上のお仕事など、資格や経験が活かせる仕事が満載です！施工管理・現場監督への転職なら『俺の夢』にお任せ下さい！  ","/pref/area/PC37/DG204,256/","1","1"
"79","<span>愛媛県の求人・転職情報一覧</span><br />愛媛県の施工管理・現場監督の求人・転職情報を探すなら俺の夢！50代、60代活躍中の施工管理のお仕事、年収1,000万円以上のお仕事など、資格や経験が活かせる仕事が満載です！施工管理・現場監督への転職なら『俺の夢』にお任せ下さい！  ","/pref/area/PC38/","0","1"
"80","<span>愛媛県の求人・転職情報一覧</span><br />愛媛県の施工管理・現場監督の求人・転職情報を探すなら俺の夢！50代、60代活躍中の施工管理のお仕事、年収1,000万円以上のお仕事など、資格や経験が活かせる仕事が満載です！施工管理・現場監督への転職なら『俺の夢』にお任せ下さい！  ","/pref/area/PC38/DG206,257/","1","1"
"81","<span>高知県の求人・転職情報一覧</span><br />高知県の施工管理・現場監督の求人・転職情報を探すなら俺の夢！50代、60代活躍中の施工管理のお仕事、年収1,000万円以上のお仕事など、資格や経験が活かせる仕事が満載です！施工管理・現場監督への転職なら『俺の夢』にお任せ下さい！  ","/pref/area/PC39/","0","1"
"82","<span>高知県の求人・転職情報一覧</span><br />高知県の施工管理・現場監督の求人・転職情報を探すなら俺の夢！50代、60代活躍中の施工管理のお仕事、年収1,000万円以上のお仕事など、資格や経験が活かせる仕事が満載です！施工管理・現場監督への転職なら『俺の夢』にお任せ下さい！  ","/pref/area/PC39/DG208,258/","1","1"
"83","<span>福岡県の求人・転職情報一覧</span><br />福岡県の施工管理・現場監督の求人・転職情報を探すなら俺の夢！50代、60代活躍中の施工管理のお仕事、年収1,000万円以上のお仕事など、資格や経験が活かせる仕事が満載です！施工管理・現場監督への転職なら『俺の夢』にお任せ下さい！  ","/pref/area/PC40/","0","1"
"84","<span>福岡県の求人・転職情報一覧</span><br />福岡県の施工管理・現場監督の求人・転職情報を探すなら俺の夢！50代、60代活躍中の施工管理のお仕事、年収1,000万円以上のお仕事など、資格や経験が活かせる仕事が満載です！施工管理・現場監督への転職なら『俺の夢』にお任せ下さい！  ","/pref/area/PC40/DG451,452,457,459,460,461,462,463,464,465/","1","1"
"85","<span>佐賀県の求人・転職情報一覧</span><br />佐賀県の施工管理・現場監督の求人・転職情報を探すなら俺の夢！50代、60代活躍中の施工管理のお仕事、年収1,000万円以上のお仕事など、資格や経験が活かせる仕事が満載です！施工管理・現場監督への転職なら『俺の夢』にお任せ下さい！  ","/pref/area/PC41/","0","1"
"86","<span>佐賀県の求人・転職情報一覧</span><br />佐賀県の施工管理・現場監督の求人・転職情報を探すなら俺の夢！50代、60代活躍中の施工管理のお仕事、年収1,000万円以上のお仕事など、資格や経験が活かせる仕事が満載です！施工管理・現場監督への転職なら『俺の夢』にお任せ下さい！  ","/pref/area/PC41/DG216,219/","1","1"
"87","<span>長崎県の求人・転職情報一覧</span><br />長崎県の施工管理・現場監督の求人・転職情報を探すなら俺の夢！50代、60代活躍中の施工管理のお仕事、年収1,000万円以上のお仕事など、資格や経験が活かせる仕事が満載です！施工管理・現場監督への転職なら『俺の夢』にお任せ下さい！  ","/pref/area/PC42/","0","1"
"88","<span>長崎県の求人・転職情報一覧</span><br />長崎県の施工管理・現場監督の求人・転職情報を探すなら俺の夢！50代、60代活躍中の施工管理のお仕事、年収1,000万円以上のお仕事など、資格や経験が活かせる仕事が満載です！施工管理・現場監督への転職なら『俺の夢』にお任せ下さい！  ","/pref/area/PC42/DG221,222,223/","1","1"
"89","<span>熊本県の求人・転職情報一覧</span><br />熊本県の施工管理・現場監督の求人・転職情報を探すなら俺の夢！50代、60代活躍中の施工管理のお仕事、年収1,000万円以上のお仕事など、資格や経験が活かせる仕事が満載です！施工管理・現場監督への転職なら『俺の夢』にお任せ下さい！  ","/pref/area/PC43/","0","1"
"90","<span>熊本県の求人・転職情報一覧</span><br />熊本県の施工管理・現場監督の求人・転職情報を探すなら俺の夢！50代、60代活躍中の施工管理のお仕事、年収1,000万円以上のお仕事など、資格や経験が活かせる仕事が満載です！施工管理・現場監督への転職なら『俺の夢』にお任せ下さい！  ","/pref/area/PC43/DG225,226,227/","1","1"
"91","<span>大分県の求人・転職情報一覧</span><br />大分県の施工管理・現場監督の求人・転職情報を探すなら俺の夢！50代、60代活躍中の施工管理のお仕事、年収1,000万円以上のお仕事など、資格や経験が活かせる仕事が満載です！施工管理・現場監督への転職なら『俺の夢』にお任せ下さい！  ","/pref/area/PC44/","0","1"
"92","<span>大分県の求人・転職情報一覧</span><br />大分県の施工管理・現場監督の求人・転職情報を探すなら俺の夢！50代、60代活躍中の施工管理のお仕事、年収1,000万円以上のお仕事など、資格や経験が活かせる仕事が満載です！施工管理・現場監督への転職なら『俺の夢』にお任せ下さい！  ","/pref/area/PC44/DG229,230,231/","1","1"
"93","<span>宮崎県の求人・転職情報一覧</span><br />宮崎県の施工管理・現場監督の求人・転職情報を探すなら俺の夢！50代、60代活躍中の施工管理のお仕事、年収1,000万円以上のお仕事など、資格や経験が活かせる仕事が満載です！施工管理・現場監督への転職なら『俺の夢』にお任せ下さい！  ","/pref/area/PC45/","0","1"
"94","<span>宮崎県の求人・転職情報一覧</span><br />宮崎県の施工管理・現場監督の求人・転職情報を探すなら俺の夢！50代、60代活躍中の施工管理のお仕事、年収1,000万円以上のお仕事など、資格や経験が活かせる仕事が満載です！施工管理・現場監督への転職なら『俺の夢』にお任せ下さい！  ","/pref/area/PC45/DG233,235/","1","1"
"95","<span>鹿児島県の求人・転職情報一覧</span><br />鹿児島県の施工管理・現場監督の求人・転職情報を探すなら俺の夢！50代、60代活躍中の施工管理のお仕事、年収1,000万円以上のお仕事など、資格や経験が活かせる仕事が満載です！施工管理・現場監督への転職なら『俺の夢』にお任せ下さい！  ","/pref/area/PC46/","0","1"
"96","<span>鹿児島県の求人・転職情報一覧</span><br />鹿児島県の施工管理・現場監督の求人・転職情報を探すなら俺の夢！50代、60代活躍中の施工管理のお仕事、年収1,000万円以上のお仕事など、資格や経験が活かせる仕事が満載です！施工管理・現場監督への転職なら『俺の夢』にお任せ下さい！  ","/pref/area/PC46/DG237,238/","1","1"
"97","<span>沖縄県の求人・転職情報一覧</span><br />沖縄県の施工管理・現場監督の求人・転職情報を探すなら俺の夢！50代、60代活躍中の施工管理のお仕事、年収1,000万円以上のお仕事など、資格や経験が活かせる仕事が満載です！施工管理・現場監督への転職なら『俺の夢』にお任せ下さい！  ","/pref/area/PC47/","0","1"
"98","<span>沖縄県の求人・転職情報一覧</span><br />沖縄県の施工管理・現場監督の求人・転職情報を探すなら俺の夢！50代、60代活躍中の施工管理のお仕事、年収1,000万円以上のお仕事など、資格や経験が活かせる仕事が満載です！施工管理・現場監督への転職なら『俺の夢』にお任せ下さい！  ","/pref/area/PC47/DG240,241/","1","1"
"99","<span>施工管理（建築施工管理、土木施工管理、設備施工管理、電気施工管理、プラント施工管理）の求人・転職情報一覧</span><br />建築施工管理、土木施工管理、設備施工管理、電気施工管理、プラント施工管理の求人・転職情報を探すなら俺の夢！50代、60代活躍中の施工管理のお仕事、年収1,000万円以上のお仕事など、資格や経験が活かせる仕事が満載です！施工管理・現場監督への転職なら『俺の夢』にお任せ下さい！  ","/pref/job/JB63/JS21057,21058,21059,21061,21062/","0","1"
"100","<span>施工管理（建築施工管理、土木施工管理、設備施工管理、電気施工管理、プラント施工管理）の求人・転職情報一覧</span><br />建築施工管理、土木施工管理、設備施工管理、電気施工管理、プラント施工管理の求人・転職情報を探すなら俺の夢！50代、60代活躍中の施工管理のお仕事、年収1,000万円以上のお仕事など、資格や経験が活かせる仕事が満載です！施工管理・現場監督への転職なら『俺の夢』にお任せ下さい！  ","/pref/job/JB63/JS21057,21058,21059,21061,21062/","1","1"
"101","<span>一級建築士の求人・転職情報一覧</span><br />一級建築士の求人・転職情報を探すなら俺の夢！50代、60代活躍中の施工管理のお仕事、年収1,000万円以上のお仕事など、資格や経験が活かせる仕事が満載です！施工管理・現場監督への転職なら『俺の夢』にお任せ下さい！  ","/pref/merit/MC140/","0","1"
"102","<span>一級建築士の求人・転職情報一覧</span><br />一級建築士の求人・転職情報を探すなら俺の夢！50代、60代活躍中の施工管理のお仕事、年収1,000万円以上のお仕事など、資格や経験が活かせる仕事が満載です！施工管理・現場監督への転職なら『俺の夢』にお任せ下さい！  ","/pref/merit/MC140/","1","1"
"103","<span>二級建築士の求人・転職情報一覧</span><br />二級建築士の求人・転職情報を探すなら俺の夢！50代、60代活躍中の施工管理のお仕事、年収1,000万円以上のお仕事など、資格や経験が活かせる仕事が満載です！施工管理・現場監督への転職なら『俺の夢』にお任せ下さい！  ","/pref/merit/MC141/","0","1"
"104","<span>二級建築士の求人・転職情報一覧</span><br />二級建築士の求人・転職情報を探すなら俺の夢！50代、60代活躍中の施工管理のお仕事、年収1,000万円以上のお仕事など、資格や経験が活かせる仕事が満載です！施工管理・現場監督への転職なら『俺の夢』にお任せ下さい！  ","/pref/merit/MC141/","1","1"
"105","<span>一級土木施工管理技士の求人・転職情報一覧</span><br />一級土木施工管理技士の求人・転職情報を探すなら俺の夢！50代、60代活躍中の施工管理のお仕事、年収1,000万円以上のお仕事など、資格や経験が活かせる仕事が満載です！施工管理・現場監督への転職なら『俺の夢』にお任せ下さい！  ","/pref/merit/MC144/","0","1"
"106","<span>一級土木施工管理技士の求人・転職情報一覧</span><br />一級土木施工管理技士の求人・転職情報を探すなら俺の夢！50代、60代活躍中の施工管理のお仕事、年収1,000万円以上のお仕事など、資格や経験が活かせる仕事が満載です！施工管理・現場監督への転職なら『俺の夢』にお任せ下さい！  ","/pref/merit/MC144/","1","1"
"107","<span>二級土木施工管理技士の求人・転職情報一覧</span><br />二級土木施工管理技士の求人・転職情報を探すなら俺の夢！50代、60代活躍中の施工管理のお仕事、年収1,000万円以上のお仕事など、資格や経験が活かせる仕事が満載です！施工管理・現場監督への転職なら『俺の夢』にお任せ下さい！  ","/pref/merit/MC145/","0","1"
"108","<span>二級土木施工管理技士の求人・転職情報一覧</span><br />二級土木施工管理技士の求人・転職情報を探すなら俺の夢！50代、60代活躍中の施工管理のお仕事、年収1,000万円以上のお仕事など、資格や経験が活かせる仕事が満載です！施工管理・現場監督への転職なら『俺の夢』にお任せ下さい！  ","/pref/merit/MC145/","1","1"
"109","<span>一級建築施工管理技士の求人・転職情報一覧</span><br />一級建築施工管理技士の求人・転職情報を探すなら俺の夢！50代、60代活躍中の施工管理のお仕事、年収1,000万円以上のお仕事など、資格や経験が活かせる仕事が満載です！施工管理・現場監督への転職なら『俺の夢』にお任せ下さい！  ","/pref/merit/MC142/","0","1"
"110","<span>一級建築施工管理技士の求人・転職情報一覧</span><br />一級建築施工管理技士の求人・転職情報を探すなら俺の夢！50代、60代活躍中の施工管理のお仕事、年収1,000万円以上のお仕事など、資格や経験が活かせる仕事が満載です！施工管理・現場監督への転職なら『俺の夢』にお任せ下さい！  ","/pref/merit/MC142/","1","1"
"111","<span>二級建築施工管理技士の求人・転職情報一覧</span><br />二級建築施工管理技士の求人・転職情報を探すなら俺の夢！50代、60代活躍中の施工管理のお仕事、年収1,000万円以上のお仕事など、資格や経験が活かせる仕事が満載です！施工管理・現場監督への転職なら『俺の夢』にお任せ下さい！  ","/pref/merit/MC143/","0","1"
"112","<span>二級建築施工管理技士の求人・転職情報一覧</span><br />二級建築施工管理技士の求人・転職情報を探すなら俺の夢！50代、60代活躍中の施工管理のお仕事、年収1,000万円以上のお仕事など、資格や経験が活かせる仕事が満載です！施工管理・現場監督への転職なら『俺の夢』にお任せ下さい！  ","/pref/merit/MC143/","1","1"
"113","<span>一級電気施工管理技士の求人・転職情報一覧</span><br />一級電気施工管理技士の求人・転職情報を探すなら俺の夢！50代、60代活躍中の施工管理のお仕事、年収1,000万円以上のお仕事など、資格や経験が活かせる仕事が満載です！施工管理・現場監督への転職なら『俺の夢』にお任せ下さい！  ","/pref/merit/MC146/","0","1"
"114","<span>一級電気施工管理技士の求人・転職情報一覧</span><br />一級電気施工管理技士の求人・転職情報を探すなら俺の夢！50代、60代活躍中の施工管理のお仕事、年収1,000万円以上のお仕事など、資格や経験が活かせる仕事が満載です！施工管理・現場監督への転職なら『俺の夢』にお任せ下さい！  ","/pref/merit/MC146/","1","1"
"115","<span>二級電気施工管理技士の求人・転職情報一覧</span><br />二級電気施工管理技士の求人・転職情報を探すなら俺の夢！50代、60代活躍中の施工管理のお仕事、年収1,000万円以上のお仕事など、資格や経験が活かせる仕事が満載です！施工管理・現場監督への転職なら『俺の夢』にお任せ下さい！  ","/pref/merit/MC147/","0","1"
"116","<span>二級電気施工管理技士の求人・転職情報一覧</span><br />二級電気施工管理技士の求人・転職情報を探すなら俺の夢！50代、60代活躍中の施工管理のお仕事、年収1,000万円以上のお仕事など、資格や経験が活かせる仕事が満載です！施工管理・現場監督への転職なら『俺の夢』にお任せ下さい！  ","/pref/merit/MC147/","1","1"
"117","<span>一級管工事施工管理技士の求人・転職情報一覧</span><br />一級管工事施工管理技士の求人・転職情報を探すなら俺の夢！50代、60代活躍中の施工管理のお仕事、年収1,000万円以上のお仕事など、資格や経験が活かせる仕事が満載です！施工管理・現場監督への転職なら『俺の夢』にお任せ下さい！  ","/pref/merit/MC148/","0","1"
"118","<span>一級管工事施工管理技士の求人・転職情報一覧</span><br />一級管工事施工管理技士の求人・転職情報を探すなら俺の夢！50代、60代活躍中の施工管理のお仕事、年収1,000万円以上のお仕事など、資格や経験が活かせる仕事が満載です！施工管理・現場監督への転職なら『俺の夢』にお任せ下さい！  ","/pref/merit/MC148/","1","1"
"119","<span>二級管工事施工管理技士の求人・転職情報一覧</span><br />二級管工事施工管理技士の求人・転職情報を探すなら俺の夢！50代、60代活躍中の施工管理のお仕事、年収1,000万円以上のお仕事など、資格や経験が活かせる仕事が満載です！施工管理・現場監督への転職なら『俺の夢』にお任せ下さい！  ","/pref/merit/MC149/","0","1"
"120","<span>二級管工事施工管理技士の求人・転職情報一覧</span><br />二級管工事施工管理技士の求人・転職情報を探すなら俺の夢！50代、60代活躍中の施工管理のお仕事、年収1,000万円以上のお仕事など、資格や経験が活かせる仕事が満載です！施工管理・現場監督への転職なら『俺の夢』にお任せ下さい！  ","/pref/merit/MC149/","1","1"
"121","<span>ブランク不問の求人・転職情報一覧</span><br />建設業界でブランク不問の求人・転職情報を探すなら俺の夢！50代、60代活躍中の施工管理のお仕事、年収1,000万円以上のお仕事など、資格や経験が活かせる仕事が満載です！施工管理・現場監督への転職なら『俺の夢』にお任せ下さい！  ","/pref/merit/MC150/","0","1"
"122","<span>ブランク不問の求人・転職情報一覧</span><br />建設業界でブランク不問の求人・転職情報を探すなら俺の夢！50代、60代活躍中の施工管理のお仕事、年収1,000万円以上のお仕事など、資格や経験が活かせる仕事が満載です！施工管理・現場監督への転職なら『俺の夢』にお任せ下さい！  ","/pref/merit/MC150/","1","1"
"123","<span>年齢不問の求人・転職情報一覧</span><br />建設業界で年齢不問の求人・転職情報を探すなら俺の夢！50代、60代活躍中の施工管理のお仕事、年収1,000万円以上のお仕事など、資格や経験が活かせる仕事が満載です！施工管理・現場監督への転職なら『俺の夢』にお任せ下さい！  ","/pref/merit/MC151/","0","1"
"124","<span>年齢不問の求人・転職情報一覧</span><br />建設業界で年齢不問の求人・転職情報を探すなら俺の夢！50代、60代活躍中の施工管理のお仕事、年収1,000万円以上のお仕事など、資格や経験が活かせる仕事が満載です！施工管理・現場監督への転職なら『俺の夢』にお任せ下さい！  ","/pref/merit/MC151/","1","1"
"125","<span>学歴不問の求人・転職情報一覧</span><br />建設業界で学歴不問の求人・転職情報を探すなら俺の夢！50代、60代活躍中の施工管理のお仕事、年収1,000万円以上のお仕事など、資格や経験が活かせる仕事が満載です！施工管理・現場監督への転職なら『俺の夢』にお任せ下さい！  ","/pref/merit/MC161/","0","1"
"126","<span>学歴不問の求人・転職情報一覧</span><br />建設業界で学歴不問の求人・転職情報を探すなら俺の夢！50代、60代活躍中の施工管理のお仕事、年収1,000万円以上のお仕事など、資格や経験が活かせる仕事が満載です！施工管理・現場監督への転職なら『俺の夢』にお任せ下さい！  ","/pref/merit/MC161/","1","1"
"127","<span>中途入社5割以上の求人・転職情報一覧</span><br />建設業界で中途入社5割以上の求人・転職情報を探すなら俺の夢！50代、60代活躍中の施工管理のお仕事、年収1,000万円以上のお仕事など、資格や経験が活かせる仕事が満載です！施工管理・現場監督への転職なら『俺の夢』にお任せ下さい！  ","/pref/merit/MC158/","0","1"
"128","<span>中途入社5割以上の求人・転職情報一覧</span><br />建設業界で中途入社5割以上の求人・転職情報を探すなら俺の夢！50代、60代活躍中の施工管理のお仕事、年収1,000万円以上のお仕事など、資格や経験が活かせる仕事が満載です！施工管理・現場監督への転職なら『俺の夢』にお任せ下さい！  ","/pref/merit/MC158/","1","1"
"129","<span>50代活躍中の求人・転職情報一覧</span><br />建設業界で50代活躍中の求人・転職情報を探すなら俺の夢！50代、60代活躍中の施工管理のお仕事、年収1,000万円以上のお仕事など、資格や経験が活かせる仕事が満載です！施工管理・現場監督への転職なら『俺の夢』にお任せ下さい！  ","/pref/merit/MC162/","0","1"
"130","<span>50代活躍中の求人・転職情報一覧</span><br />建設業界で50代活躍中の求人・転職情報を探すなら俺の夢！50代、60代活躍中の施工管理のお仕事、年収1,000万円以上のお仕事など、資格や経験が活かせる仕事が満載です！施工管理・現場監督への転職なら『俺の夢』にお任せ下さい！  ","/pref/merit/MC162/","1","1"
"131","<span>60代活躍中の求人・転職情報一覧</span><br />建設業界で60代活躍中の求人・転職情報を探すなら俺の夢！50代、60代活躍中の施工管理のお仕事、年収1,000万円以上のお仕事など、資格や経験が活かせる仕事が満載です！施工管理・現場監督への転職なら『俺の夢』にお任せ下さい！  ","/pref/merit/MC163/","0","1"
"132","<span>60代活躍中の求人・転職情報一覧</span><br />建設業界で60代活躍中の求人・転職情報を探すなら俺の夢！50代、60代活躍中の施工管理のお仕事、年収1,000万円以上のお仕事など、資格や経験が活かせる仕事が満載です！施工管理・現場監督への転職なら『俺の夢』にお任せ下さい！  ","/pref/merit/MC163/","1","1"
"133","<span>70代活躍中の求人・転職情報一覧</span><br />建設業界で70代活躍中の求人・転職情報を探すなら俺の夢！50代、60代活躍中の施工管理のお仕事、年収1,000万円以上のお仕事など、資格や経験が活かせる仕事が満載です！施工管理・現場監督への転職なら『俺の夢』にお任せ下さい！  ","/pref/merit/MC164/","0","1"
"134","<span>70代活躍中の求人・転職情報一覧</span><br />建設業界で70代活躍中の求人・転職情報を探すなら俺の夢！50代、60代活躍中の施工管理のお仕事、年収1,000万円以上のお仕事など、資格や経験が活かせる仕事が満載です！施工管理・現場監督への転職なら『俺の夢』にお任せ下さい！  ","/pref/merit/MC164/","1","1"
"135","<span>正社員の求人・転職情報一覧</span><br />施工管理・現場監督の正社員の求人・転職情報を探すなら俺の夢！50代、60代活躍中の施工管理のお仕事、年収1,000万円以上のお仕事など、資格や経験が活かせる仕事が満載です！施工管理・現場監督への転職なら『俺の夢』にお任せ下さい！  ","/pref/search/EC33/","0","1"
"136","<span>正社員の求人・転職情報一覧</span><br />施工管理・現場監督の正社員の求人・転職情報を探すなら俺の夢！50代、60代活躍中の施工管理のお仕事、年収1,000万円以上のお仕事など、資格や経験が活かせる仕事が満載です！施工管理・現場監督への転職なら『俺の夢』にお任せ下さい！  ","/pref/search/EC33/","1","1"
"137","<span>契約社員の求人・転職情報一覧</span><br />施工管理・現場監督の契約社員の求人・転職情報を探すなら俺の夢！50代、60代活躍中の施工管理のお仕事、年収1,000万円以上のお仕事など、資格や経験が活かせる仕事が満載です！施工管理・現場監督への転職なら『俺の夢』にお任せ下さい！  ","/pref/search/EC34/","0","1"
"138","<span>契約社員の求人・転職情報一覧</span><br />施工管理・現場監督の契約社員の求人・転職情報を探すなら俺の夢！50代、60代活躍中の施工管理のお仕事、年収1,000万円以上のお仕事など、資格や経験が活かせる仕事が満載です！施工管理・現場監督への転職なら『俺の夢』にお任せ下さい！  ","/pref/search/EC34/","1","1"
"139","<span>高収入のお仕事特集</span><br />施工管理・現場監督の高収入の求人・転職情報を探すなら俺の夢！50代、60代活躍中の施工管理のお仕事、年収1,000万円以上のお仕事など、資格や経験が活かせる仕事が満載です！施工管理・現場監督への転職なら『俺の夢』にお任せ下さい！  ","/pref/search/WC49,50,51,52/","0","1"
"140","<span>高収入のお仕事特集</span><br />施工管理・現場監督の高収入の求人・転職情報を探すなら俺の夢！50代、60代活躍中の施工管理のお仕事、年収1,000万円以上のお仕事など、資格や経験が活かせる仕事が満載です！施工管理・現場監督への転職なら『俺の夢』にお任せ下さい！  ","/pref/search/WC49,50,51,52/","1","1"
"141","<span>50代・60代業界経験者大活躍のお仕事特集</span><br />50代・60代の建設業界経験者大活躍の求人・転職情報を探すなら俺の夢！50代、60代活躍中の施工管理のお仕事、年収1,000万円以上のお仕事など、資格や経験が活かせる仕事が満載です！施工管理・現場監督への転職なら『俺の夢』にお任せ下さい！  ","/pref/merit/MC162,163/","0","1"
"142","<span>50代・60代業界経験者大活躍のお仕事特集</span><br />50代・60代の建設業界経験者大活躍の求人・転職情報を探すなら俺の夢！50代、60代活躍中の施工管理のお仕事、年収1,000万円以上のお仕事など、資格や経験が活かせる仕事が満載です！施工管理・現場監督への転職なら『俺の夢』にお任せ下さい！  ","/pref/merit/MC162,163/","1","1"
"143","<span>設計の求人・転職情報一覧</span><br />設計の求人・転職情報を探すなら俺の夢！50代、60代活躍中の施工管理のお仕事、年収1,000万円以上のお仕事など、資格や経験が活かせる仕事が満載です！施工管理・現場監督への転職なら『俺の夢』にお任せ下さい！  ","/pref/job/JB64/JS21063/","0","1"
"144","<span>設計の求人・転職情報一覧</span><br />設計の求人・転職情報を探すなら俺の夢！50代、60代活躍中の施工管理のお仕事、年収1,000万円以上のお仕事など、資格や経験が活かせる仕事が満載です！施工管理・現場監督への転職なら『俺の夢』にお任せ下さい！  ","/pref/job/JB64/JS21063/","1","1"
"145","<span>積算の求人・転職情報一覧</span><br />積算の求人・転職情報を探すなら俺の夢！50代、60代活躍中の施工管理のお仕事、年収1,000万円以上のお仕事など、資格や経験が活かせる仕事が満載です！施工管理・現場監督への転職なら『俺の夢』にお任せ下さい！  ","/pref/job/JB65/JS21064/","0","1"
"146","<span>積算の求人・転職情報一覧</span><br />積算の求人・転職情報を探すなら俺の夢！50代、60代活躍中の施工管理のお仕事、年収1,000万円以上のお仕事など、資格や経験が活かせる仕事が満載です！施工管理・現場監督への転職なら『俺の夢』にお任せ下さい！  ","/pref/job/JB65/JS21064/","1","1"
"147","<span>営業の求人・転職情報一覧</span><br />建設業界の営業の求人・転職情報を探すなら俺の夢！50代、60代活躍中の施工管理のお仕事、年収1,000万円以上のお仕事など、資格や経験が活かせる仕事が満載です！施工管理・現場監督への転職なら『俺の夢』にお任せ下さい！  ","/pref/job/JB67/JS21066/","0","1"
"148","<span>営業の求人・転職情報一覧</span><br />建設業界の営業の求人・転職情報を探すなら俺の夢！50代、60代活躍中の施工管理のお仕事、年収1,000万円以上のお仕事など、資格や経験が活かせる仕事が満載です！施工管理・現場監督への転職なら『俺の夢』にお任せ下さい！  ","/pref/job/JB67/JS21066/","1","1"
"149","<span>CADオペレーターの求人・転職情報一覧</span><br />CADオペレーターの求人・転職情報を探すなら俺の夢！50代、60代活躍中の施工管理のお仕事、年収1,000万円以上のお仕事など、資格や経験が活かせる仕事が満載です！施工管理・現場監督への転職なら『俺の夢』にお任せ下さい！  ","/pref/job/JB66/JS21065/","0","1"
"150","<span>CADオペレーターの求人・転職情報一覧</span><br />CADオペレーターの求人・転職情報を探すなら俺の夢！50代、60代活躍中の施工管理のお仕事、年収1,000万円以上のお仕事など、資格や経験が活かせる仕事が満載です！施工管理・現場監督への転職なら『俺の夢』にお任せ下さい！  ","/pref/job/JB66/JS21065/","1","1"
"151","<span>【毎日更新】新着の求人・転職情報一覧</span><br />施工管理・現場監督の求人・転職情報を探すなら俺の夢！50代、60代活躍中の施工管理のお仕事、年収1,000万円以上のお仕事など、資格や経験が活かせる仕事が満載です！施工管理・現場監督への転職なら『俺の夢』にお任せ下さい！  ","/pref/search/ENSEARCH_NEW/OBnew/","0","1"
"152","<span>【毎日更新】新着の求人・転職情報一覧</span><br />施工管理・現場監督の求人・転職情報を探すなら俺の夢！50代、60代活躍中の施工管理のお仕事、年収1,000万円以上のお仕事など、資格や経験が活かせる仕事が満載です！施工管理・現場監督への転職なら『俺の夢』にお任せ下さい！  ","/pref/search/ENSEARCH_NEW/OBnew/","1","1"
"153","<span>『俺の夢』注目の求人・転職情報一覧</span><br />施工管理・現場監督の求人・転職情報を探すなら俺の夢！50代、60代活躍中の施工管理のお仕事、年収1,000万円以上のお仕事など、資格や経験が活かせる仕事が満載です！施工管理・現場監督への転職なら『俺の夢』にお任せ下さい！  ","/pref/search/DT2,3/ENSEARCH_HOT/","0","1"
"154","<span>『俺の夢』注目の求人・転職情報一覧</span><br />施工管理・現場監督の求人・転職情報を探すなら俺の夢！50代、60代活躍中の施工管理のお仕事、年収1,000万円以上のお仕事など、資格や経験が活かせる仕事が満載です！施工管理・現場監督への転職なら『俺の夢』にお任せ下さい！  ","/pref/search/DT2,3/ENSEARCH_HOT/","1","1"
"155","<span>施工管理（建築施工管理、土木施工管理、設備施工管理、電気施工管理、プラント施工管理）の求人・転職情報一覧</span><br />建築施工管理、土木施工管理、設備施工管理、電気施工管理、プラント施工管理の求人・転職情報を探すなら俺の夢！50代、60代活躍中の施工管理のお仕事、年収1,000万円以上のお仕事など、資格や経験が活かせる仕事が満載です！施工管理・現場監督への転職なら『俺の夢』にお任せ下さい！  ","/pref/job/JB63/","0","1"
"156","<span>施工管理（建築施工管理、土木施工管理、設備施工管理、電気施工管理、プラント施工管理）の求人・転職情報一覧</span><br />建築施工管理、土木施工管理、設備施工管理、電気施工管理、プラント施工管理の求人・転職情報を探すなら俺の夢！50代、60代活躍中の施工管理のお仕事、年収1,000万円以上のお仕事など、資格や経験が活かせる仕事が満載です！施工管理・現場監督への転職なら『俺の夢』にお任せ下さい！  ","/pref/job/JB63/","1","1"
"157","<span>設計の求人・転職情報一覧</span><br />設計の求人・転職情報を探すなら俺の夢！50代、60代活躍中の施工管理のお仕事、年収1,000万円以上のお仕事など、資格や経験が活かせる仕事が満載です！施工管理・現場監督への転職なら『俺の夢』にお任せ下さい！  ","/pref/job/JB64/","0","1"
"158","<span>設計の求人・転職情報一覧</span><br />設計の求人・転職情報を探すなら俺の夢！50代、60代活躍中の施工管理のお仕事、年収1,000万円以上のお仕事など、資格や経験が活かせる仕事が満載です！施工管理・現場監督への転職なら『俺の夢』にお任せ下さい！  ","/pref/job/JB64/","1","1"
"159","<span>積算の求人・転職情報一覧</span><br />積算の求人・転職情報を探すなら俺の夢！50代、60代活躍中の施工管理のお仕事、年収1,000万円以上のお仕事など、資格や経験が活かせる仕事が満載です！施工管理・現場監督への転職なら『俺の夢』にお任せ下さい！  ","/pref/job/JB65/","0","1"
"160","<span>積算の求人・転職情報一覧</span><br />積算の求人・転職情報を探すなら俺の夢！50代、60代活躍中の施工管理のお仕事、年収1,000万円以上のお仕事など、資格や経験が活かせる仕事が満載です！施工管理・現場監督への転職なら『俺の夢』にお任せ下さい！  ","/pref/job/JB65/","1","1"
"161","<span>CADオペレーターの求人・転職情報一覧</span><br />CADオペレーターの求人・転職情報を探すなら俺の夢！50代、60代活躍中の施工管理のお仕事、年収1,000万円以上のお仕事など、資格や経験が活かせる仕事が満載です！施工管理・現場監督への転職なら『俺の夢』にお任せ下さい！  ","/pref/job/JB66/","0","1"
"162","<span>CADオペレーターの求人・転職情報一覧</span><br />CADオペレーターの求人・転職情報を探すなら俺の夢！50代、60代活躍中の施工管理のお仕事、年収1,000万円以上のお仕事など、資格や経験が活かせる仕事が満載です！施工管理・現場監督への転職なら『俺の夢』にお任せ下さい！  ","/pref/job/JB66/","1","1"
"163","<span>営業・事務の求人・転職情報一覧</span><br />建設業界の営業・事務の求人・転職情報を探すなら俺の夢！50代、60代活躍中の施工管理のお仕事、年収1,000万円以上のお仕事など、資格や経験が活かせる仕事が満載です！施工管理・現場監督への転職なら『俺の夢』にお任せ下さい！  ","/pref/job/JB67/","0","1"
"164","<span>営業・事務の求人・転職情報一覧</span><br />建設業界の営業・事務の求人・転職情報を探すなら俺の夢！50代、60代活躍中の施工管理のお仕事、年収1,000万円以上のお仕事など、資格や経験が活かせる仕事が満載です！施工管理・現場監督への転職なら『俺の夢』にお任せ下さい！  ","/pref/job/JB67/","1","1"
"165","<span>土木・基礎工事の求人・転職情報一覧</span><br />土木・基礎工事の求人・転職情報を探すなら俺の夢！50代、60代活躍中の施工管理のお仕事、年収1,000万円以上のお仕事など、資格や経験が活かせる仕事が満載です！施工管理・現場監督への転職なら『俺の夢』にお任せ下さい！  ","/pref/job/JB69/","0","1"
"166","<span>土木・基礎工事の求人・転職情報一覧</span><br />土木・基礎工事の求人・転職情報を探すなら俺の夢！50代、60代活躍中の施工管理のお仕事、年収1,000万円以上のお仕事など、資格や経験が活かせる仕事が満載です！施工管理・現場監督への転職なら『俺の夢』にお任せ下さい！  ","/pref/job/JB69/","1","1"
"167","<span>設備工事の求人・転職情報一覧</span><br />設備工事の求人・転職情報を探すなら俺の夢！50代、60代活躍中の施工管理のお仕事、年収1,000万円以上のお仕事など、資格や経験が活かせる仕事が満載です！施工管理・現場監督への転職なら『俺の夢』にお任せ下さい！  ","/pref/job/JB71/","0","1"
"168","<span>設備工事の求人・転職情報一覧</span><br />設備工事の求人・転職情報を探すなら俺の夢！50代、60代活躍中の施工管理のお仕事、年収1,000万円以上のお仕事など、資格や経験が活かせる仕事が満載です！施工管理・現場監督への転職なら『俺の夢』にお任せ下さい！  ","/pref/job/JB71/","1","1"
"169","<span>仕上げ工事の求人・転職情報一覧</span><br />仕上げ工事の求人・転職情報を探すなら俺の夢！50代、60代活躍中の施工管理のお仕事、年収1,000万円以上のお仕事など、資格や経験が活かせる仕事が満載です！施工管理・現場監督への転職なら『俺の夢』にお任せ下さい！  ","/pref/job/JB72/","0","1"
"170","<span>仕上げ工事の求人・転職情報一覧</span><br />仕上げ工事の求人・転職情報を探すなら俺の夢！50代、60代活躍中の施工管理のお仕事、年収1,000万円以上のお仕事など、資格や経験が活かせる仕事が満載です！施工管理・現場監督への転職なら『俺の夢』にお任せ下さい！  ","/pref/job/JB72/","1","1"
"171","<span>測量の求人・転職情報一覧</span><br />測量の求人・転職情報を探すなら俺の夢！50代、60代活躍中の施工管理のお仕事、年収1,000万円以上のお仕事など、資格や経験が活かせる仕事が満載です！施工管理・現場監督への転職なら『俺の夢』にお任せ下さい！  ","/pref/job/JS21072/","0","1"
"172","<span>測量の求人・転職情報一覧</span><br />測量の求人・転職情報を探すなら俺の夢！50代、60代活躍中の施工管理のお仕事、年収1,000万円以上のお仕事など、資格や経験が活かせる仕事が満載です！施工管理・現場監督への転職なら『俺の夢』にお任せ下さい！  ","/pref/job/JS21072/","1","1"
"173","<span>建築施工管理の求人・転職情報一覧</span><br />建築施工管理の求人・転職情報を探すなら俺の夢！50代、60代活躍中の施工管理のお仕事、年収1,000万円以上のお仕事など、資格や経験が活かせる仕事が満載です！施工管理・現場監督への転職なら『俺の夢』にお任せ下さい！  ","/pref/job/JS21057/","0","1"
"174","<span>建築施工管理の求人・転職情報一覧</span><br />建築施工管理の求人・転職情報を探すなら俺の夢！50代、60代活躍中の施工管理のお仕事、年収1,000万円以上のお仕事など、資格や経験が活かせる仕事が満載です！施工管理・現場監督への転職なら『俺の夢』にお任せ下さい！  ","/pref/job/JS21057/","1","1"
"175","<span>土木施工管理の求人・転職情報一覧</span><br />土木施工管理の求人・転職情報を探すなら俺の夢！50代、60代活躍中の施工管理のお仕事、年収1,000万円以上のお仕事など、資格や経験が活かせる仕事が満載です！施工管理・現場監督への転職なら『俺の夢』にお任せ下さい！  ","/pref/job/JS21058/","0","1"
"176","<span>土木施工管理の求人・転職情報一覧</span><br />土木施工管理の求人・転職情報を探すなら俺の夢！50代、60代活躍中の施工管理のお仕事、年収1,000万円以上のお仕事など、資格や経験が活かせる仕事が満載です！施工管理・現場監督への転職なら『俺の夢』にお任せ下さい！  ","/pref/job/JS21058/","1","1"
"177","<span>設備施工管理の求人・転職情報一覧</span><br />設備施工管理の求人・転職情報を探すなら俺の夢！50代、60代活躍中の施工管理のお仕事、年収1,000万円以上のお仕事など、資格や経験が活かせる仕事が満載です！施工管理・現場監督への転職なら『俺の夢』にお任せ下さい！  ","/pref/job/JS21059/","0","1"
"178","<span>設備施工管理の求人・転職情報一覧</span><br />設備施工管理の求人・転職情報を探すなら俺の夢！50代、60代活躍中の施工管理のお仕事、年収1,000万円以上のお仕事など、資格や経験が活かせる仕事が満載です！施工管理・現場監督への転職なら『俺の夢』にお任せ下さい！  ","/pref/job/JS21059/","1","1"
"179","<span>電気施工管理の求人・転職情報一覧</span><br />電気施工管理の求人・転職情報を探すなら俺の夢！50代、60代活躍中の施工管理のお仕事、年収1,000万円以上のお仕事など、資格や経験が活かせる仕事が満載です！施工管理・現場監督への転職なら『俺の夢』にお任せ下さい！  ","/pref/job/JS21061/","0","1"
"180","<span>電気施工管理の求人・転職情報一覧</span><br />電気施工管理の求人・転職情報を探すなら俺の夢！50代、60代活躍中の施工管理のお仕事、年収1,000万円以上のお仕事など、資格や経験が活かせる仕事が満載です！施工管理・現場監督への転職なら『俺の夢』にお任せ下さい！  ","/pref/job/JS21061/","1","1"
"181","<span>プラント施工管理の求人・転職情報一覧</span><br />プラント施工管理の求人・転職情報を探すなら俺の夢！50代、60代活躍中の施工管理のお仕事、年収1,000万円以上のお仕事など、資格や経験が活かせる仕事が満載です！施工管理・現場監督への転職なら『俺の夢』にお任せ下さい！  ","/pref/job/JS21062/","0","1"
"182","<span>プラント施工管理の求人・転職情報一覧</span><br />プラント施工管理の求人・転職情報を探すなら俺の夢！50代、60代活躍中の施工管理のお仕事、年収1,000万円以上のお仕事など、資格や経験が活かせる仕事が満載です！施工管理・現場監督への転職なら『俺の夢』にお任せ下さい！  ","/pref/job/JS21062/","1","1"
"183","<span>CADオペレーターの求人・転職情報一覧</span><br />CADオペレーターの求人・転職情報を探すなら俺の夢！50代、60代活躍中の施工管理のお仕事、年収1,000万円以上のお仕事など、資格や経験が活かせる仕事が満載です！施工管理・現場監督への転職なら『俺の夢』にお任せ下さい！  ","/pref/job/JS21065/","0","1"
"184","<span>CADオペレーターの求人・転職情報一覧</span><br />CADオペレーターの求人・転職情報を探すなら俺の夢！50代、60代活躍中の施工管理のお仕事、年収1,000万円以上のお仕事など、資格や経験が活かせる仕事が満載です！施工管理・現場監督への転職なら『俺の夢』にお任せ下さい！  ","/pref/job/JS21065/","1","1"
"185","<span>営業・事務の求人・転職情報一覧</span><br />営業・事務の求人・転職情報を探すなら俺の夢！50代、60代活躍中の施工管理のお仕事、年収1,000万円以上のお仕事など、資格や経験が活かせる仕事が満載です！施工管理・現場監督への転職なら『俺の夢』にお任せ下さい！  ","/pref/job/JB67/JS21067,21066/","0","1"
"186","<span>営業・事務の求人・転職情報一覧</span><br />営業・事務の求人・転職情報を探すなら俺の夢！50代、60代活躍中の施工管理のお仕事、年収1,000万円以上のお仕事など、資格や経験が活かせる仕事が満載です！施工管理・現場監督への転職なら『俺の夢』にお任せ下さい！  ","/pref/job/JB67/JS21067,21066/","1","1"
"187","<span>営業の求人・転職情報一覧</span><br />営業の求人・転職情報を探すなら俺の夢！50代、60代活躍中の施工管理のお仕事、年収1,000万円以上のお仕事など、資格や経験が活かせる仕事が満載です！施工管理・現場監督への転職なら『俺の夢』にお任せ下さい！  ","/pref/job/JS21066/","0","1"
"188","<span>営業の求人・転職情報一覧</span><br />営業の求人・転職情報を探すなら俺の夢！50代、60代活躍中の施工管理のお仕事、年収1,000万円以上のお仕事など、資格や経験が活かせる仕事が満載です！施工管理・現場監督への転職なら『俺の夢』にお任せ下さい！  ","/pref/job/JS21066/","1","1"
"189","<span>事務の求人・転職情報一覧</span><br />事務の求人・転職情報を探すなら俺の夢！50代、60代活躍中の施工管理のお仕事、年収1,000万円以上のお仕事など、資格や経験が活かせる仕事が満載です！施工管理・現場監督への転職なら『俺の夢』にお任せ下さい！  ","/pref/job/JS21067/","0","1"
"190","<span>事務の求人・転職情報一覧</span><br />事務の求人・転職情報を探すなら俺の夢！50代、60代活躍中の施工管理のお仕事、年収1,000万円以上のお仕事など、資格や経験が活かせる仕事が満載です！施工管理・現場監督への転職なら『俺の夢』にお任せ下さい！  ","/pref/job/JS21067/","1","1"
"191","<span>土木・基礎工事の求人・転職情報一覧</span><br />土木・基礎工事の求人・転職情報を探すなら俺の夢！50代、60代活躍中の施工管理のお仕事、年収1,000万円以上のお仕事など、資格や経験が活かせる仕事が満載です！施工管理・現場監督への転職なら『俺の夢』にお任せ下さい！  ","/pref/job/JB69/JS21071,21072/","0","1"
"192","<span>土木・基礎工事の求人・転職情報一覧</span><br />土木・基礎工事の求人・転職情報を探すなら俺の夢！50代、60代活躍中の施工管理のお仕事、年収1,000万円以上のお仕事など、資格や経験が活かせる仕事が満載です！施工管理・現場監督への転職なら『俺の夢』にお任せ下さい！  ","/pref/job/JB69/JS21071,21072/","1","1"
"193","<span>土木作業の求人・転職情報一覧</span><br />土木作業の求人・転職情報を探すなら俺の夢！50代、60代活躍中の施工管理のお仕事、年収1,000万円以上のお仕事など、資格や経験が活かせる仕事が満載です！施工管理・現場監督への転職なら『俺の夢』にお任せ下さい！  ","/pref/job/JS21071/","0","1"
"194","<span>土木作業の求人・転職情報一覧</span><br />土木作業の求人・転職情報を探すなら俺の夢！50代、60代活躍中の施工管理のお仕事、年収1,000万円以上のお仕事など、資格や経験が活かせる仕事が満載です！施工管理・現場監督への転職なら『俺の夢』にお任せ下さい！  ","/pref/job/JS21071/","1","1"
"195","<span>積算の求人・転職情報一覧</span><br />積算の求人・転職情報を探すなら俺の夢！50代、60代活躍中の施工管理のお仕事、年収1,000万円以上のお仕事など、資格や経験が活かせる仕事が満載です！施工管理・現場監督への転職なら『俺の夢』にお任せ下さい！  ","/pref/job/JS21064/","0","1"
"196","<span>積算の求人・転職情報一覧</span><br />積算の求人・転職情報を探すなら俺の夢！50代、60代活躍中の施工管理のお仕事、年収1,000万円以上のお仕事など、資格や経験が活かせる仕事が満載です！施工管理・現場監督への転職なら『俺の夢』にお任せ下さい！  ","/pref/job/JS21064/","1","1"
"197","<span>第一種電気主任技術者の求人・転職情報一覧</span><br />第一種電気主任技術者の求人・転職情報を探すなら俺の夢！50代、60代活躍中の施工管理のお仕事、年収1,000万円以上のお仕事など、資格や経験が活かせる仕事が満載です！施工管理・現場監督への転職なら『俺の夢』にお任せ下さい！  ","/pref/merit/MC182/","0","1"
"198","<span>第一種電気主任技術者の求人・転職情報一覧</span><br />第一種電気主任技術者の求人・転職情報を探すなら俺の夢！50代、60代活躍中の施工管理のお仕事、年収1,000万円以上のお仕事など、資格や経験が活かせる仕事が満載です！施工管理・現場監督への転職なら『俺の夢』にお任せ下さい！  ","/pref/merit/MC182/","1","1"
"199","<span>第二種電気主任技術者の求人・転職情報一覧</span><br />第二種電気主任技術者の求人・転職情報を探すなら俺の夢！50代、60代活躍中の施工管理のお仕事、年収1,000万円以上のお仕事など、資格や経験が活かせる仕事が満載です！施工管理・現場監督への転職なら『俺の夢』にお任せ下さい！  ","/pref/merit/MC183/","0","1"
"200","<span>第二種電気主任技術者の求人・転職情報一覧</span><br />第二種電気主任技術者の求人・転職情報を探すなら俺の夢！50代、60代活躍中の施工管理のお仕事、年収1,000万円以上のお仕事など、資格や経験が活かせる仕事が満載です！施工管理・現場監督への転職なら『俺の夢』にお任せ下さい！  ","/pref/merit/MC183/","1","1"
"201","<img src=""/data/contents/osusumeBanner.png"" alt=""最大100,000円の入社お祝い金がおもらえる!!"" /><span>橋本マナミ オススメの求人・転職情報一覧</span><br />施工管理・現場監督の求人・転職情報を探すなら俺の夢！50代、60代活躍中の施工管理のお仕事、年収1,000万円以上のお仕事など、資格や経験が活かせる仕事が満載です！施工管理・現場監督への転職なら『俺の夢』にお任せ下さい！ ","/pref/merit/MC170/","0","0"
"202","<img src=""/data/contents/osusumeBanner.png"" alt=""最大100,000円の入社お祝い金がおもらえる!!"" /><span>橋本マナミ オススメの求人・転職情報一覧</span><br />施工管理・現場監督の求人・転職情報を探すなら俺の夢！50代、60代活躍中の施工管理のお仕事、年収1,000万円以上のお仕事など、資格や経験が活かせる仕事が満載です！施工管理・現場監督への転職なら『俺の夢』にお任せ下さい！  ","/pref/merit/MC170/","1","0"
"203","<span>30代 40代大活躍の求人・転職情報一覧</span><br />30代 40代の施工管理経験者が大活躍の求人・転職情報を探すなら俺の夢！50代、60代活躍中の施工管理のお仕事、年収1,000万円以上のお仕事など、資格や経験が活かせる仕事が満載です！施工管理・現場監督への転職なら『俺の夢』にお任せ下さい！  ","/pref/search/FW※30代、40代活躍中！※/","0","1"
"204","<span>30代 40代大活躍の求人・転職情報一覧</span><br />30代 40代の施工管理経験者が大活躍の求人・転職情報を探すなら俺の夢！50代、60代活躍中の施工管理のお仕事、年収1,000万円以上のお仕事など、資格や経験が活かせる仕事が満載です！施工管理・現場監督への転職なら『俺の夢』にお任せ下さい！  ","/pref/search/FW※30代、40代活躍中！※/","1","1"
"205","<span>ブランク不問・年齢不問の求人・転職情報一覧</span><br />ブランク不問・年齢不問の求人・転職情報を探すなら俺の夢！50代、60代活躍中の施工管理のお仕事、年収1,000万円以上のお仕事など、資格や経験が活かせる仕事が満載です！施工管理・現場監督への転職なら『俺の夢』にお任せ下さい！  ","/pref/merit/MC150,151/","0","1"
"206","<span>ブランク不問・年齢不問の求人・転職情報一覧</span><br />ブランク不問・年齢不問の求人・転職情報を探すなら俺の夢！50代、60代活躍中の施工管理のお仕事、年収1,000万円以上のお仕事など、資格や経験が活かせる仕事が満載です！施工管理・現場監督への転職なら『俺の夢』にお任せ下さい！  ","/pref/merit/MC150,151/","1","1"
"207","<span>BIMの求人・転職情報一覧</span><br />BIMの求人・転職情報を探すなら俺の夢！50代、60代活躍中の施工管理のお仕事、年収1,000万円以上のお仕事など、資格や経験が活かせる仕事が満載です！施工管理・現場監督への転職なら『俺の夢』にお任せ下さい！  ","/pref/job/JS21091/","0","1"
"208","<span>BIMの求人・転職情報一覧</span><br />BIMの求人・転職情報を探すなら俺の夢！50代、60代活躍中の施工管理のお仕事、年収1,000万円以上のお仕事など、資格や経験が活かせる仕事が満載です！施工管理・現場監督への転職なら『俺の夢』にお任せ下さい！  ","/pref/job/JS21091/","1","1"
"209","<span>年収300万円〜400万円の求人・転職情報一覧</span><br />年収300万円〜400万円の求人・転職情報を探すなら俺の夢！50代、60代活躍中の施工管理のお仕事、年収1,000万円以上のお仕事など、資格や経験が活かせる仕事が満載です！施工管理・現場監督への転職なら『俺の夢』にお任せ下さい！  ","/pref/search/WC45/","0","1"
"210","<span>年収300万円〜400万円の求人・転職情報一覧</span><br />年収300万円〜400万円の求人・転職情報を探すなら俺の夢！50代、60代活躍中の施工管理のお仕事、年収1,000万円以上のお仕事など、資格や経験が活かせる仕事が満載です！施工管理・現場監督への転職なら『俺の夢』にお任せ下さい！  ","/pref/search/WC45/","1","1"
"211","<span>年収400万円〜500万円の求人・転職情報一覧</span><br />年収400万円〜500万円の求人・転職情報を探すなら俺の夢！50代、60代活躍中の施工管理のお仕事、年収1,000万円以上のお仕事など、資格や経験が活かせる仕事が満載です！施工管理・現場監督への転職なら『俺の夢』にお任せ下さい！  ","/pref/search/WC46/","0","1"
"212","<span>年収400万円〜500万円の求人・転職情報一覧</span><br />年収400万円〜500万円の求人・転職情報を探すなら俺の夢！50代、60代活躍中の施工管理のお仕事、年収1,000万円以上のお仕事など、資格や経験が活かせる仕事が満載です！施工管理・現場監督への転職なら『俺の夢』にお任せ下さい！  ","/pref/search/WC46/","1","1"
"213","<span>年収500万円〜600万円の求人・転職情報一覧</span><br />年収500万円〜600万円の求人・転職情報を探すなら俺の夢！50代、60代活躍中の施工管理のお仕事、年収1,000万円以上のお仕事など、資格や経験が活かせる仕事が満載です！施工管理・現場監督への転職なら『俺の夢』にお任せ下さい！  ","/pref/search/WC47/","0","1"
"214","<span>年収500万円〜600万円の求人・転職情報一覧</span><br />年収500万円〜600万円の求人・転職情報を探すなら俺の夢！50代、60代活躍中の施工管理のお仕事、年収1,000万円以上のお仕事など、資格や経験が活かせる仕事が満載です！施工管理・現場監督への転職なら『俺の夢』にお任せ下さい！  ","/pref/search/WC47/","1","1"
"215","<span>年収600万円〜700万円の求人・転職情報一覧</span><br />年収600万円〜700万円の求人・転職情報を探すなら俺の夢！50代、60代活躍中の施工管理のお仕事、年収1,000万円以上のお仕事など、資格や経験が活かせる仕事が満載です！施工管理・現場監督への転職なら『俺の夢』にお任せ下さい！  ","/pref/search/WC48/","0","1"
"216","<span>年収600万円〜700万円の求人・転職情報一覧</span><br />年収600万円〜700万円の求人・転職情報を探すなら俺の夢！50代、60代活躍中の施工管理のお仕事、年収1,000万円以上のお仕事など、資格や経験が活かせる仕事が満載です！施工管理・現場監督への転職なら『俺の夢』にお任せ下さい！  ","/pref/search/WC48/","1","1"
"217","<span>年収700万円〜800万円の求人・転職情報一覧</span><br />年収700万円〜800万円の求人・転職情報を探すなら俺の夢！50代、60代活躍中の施工管理のお仕事、年収1,000万円以上のお仕事など、資格や経験が活かせる仕事が満載です！施工管理・現場監督への転職なら『俺の夢』にお任せ下さい！  ","/pref/search/WC49/","0","1"
"218","<span>年収700万円〜800万円の求人・転職情報一覧</span><br />年収700万円〜800万円の求人・転職情報を探すなら俺の夢！50代、60代活躍中の施工管理のお仕事、年収1,000万円以上のお仕事など、資格や経験が活かせる仕事が満載です！施工管理・現場監督への転職なら『俺の夢』にお任せ下さい！  ","/pref/search/WC49/","1","1"
"219","<span>年収800万円〜900万円の求人・転職情報一覧</span><br />年収800万円〜900万円の求人・転職情報を探すなら俺の夢！50代、60代活躍中の施工管理のお仕事、年収1,000万円以上のお仕事など、資格や経験が活かせる仕事が満載です！施工管理・現場監督への転職なら『俺の夢』にお任せ下さい！  ","/pref/search/WC50/","0","1"
"220","<span>年収800万円〜900万円の求人・転職情報一覧</span><br />年収800万円〜900万円の求人・転職情報を探すなら俺の夢！50代、60代活躍中の施工管理のお仕事、年収1,000万円以上のお仕事など、資格や経験が活かせる仕事が満載です！施工管理・現場監督への転職なら『俺の夢』にお任せ下さい！  ","/pref/search/WC50/","1","1"
"221","<span>年収900万円〜1000万円の求人・転職情報一覧</span><br />年収900万円〜1000万円の求人・転職情報を探すなら俺の夢！50代、60代活躍中の施工管理のお仕事、年収1,000万円以上のお仕事など、資格や経験が活かせる仕事が満載です！施工管理・現場監督への転職なら『俺の夢』にお任せ下さい！  ","/pref/search/WC51/","0","1"
"222","<span>年収900万円〜1000万円の求人・転職情報一覧</span><br />年収900万円〜1000万円の求人・転職情報を探すなら俺の夢！50代、60代活躍中の施工管理のお仕事、年収1,000万円以上のお仕事など、資格や経験が活かせる仕事が満載です！施工管理・現場監督への転職なら『俺の夢』にお任せ下さい！  ","/pref/search/WC51/","1","1"
"223","<span>年収1000万円以上の求人・転職情報一覧</span><br />年収1000万円以上の求人・転職情報を探すなら俺の夢！50代、60代活躍中の施工管理のお仕事、年収1,000万円以上のお仕事など、資格や経験が活かせる仕事が満載です！施工管理・現場監督への転職なら『俺の夢』にお任せ下さい！  ","/pref/search/WC52/","0","1"
"224","<span>年収1000万円以上の求人・転職情報一覧</span><br />年収1000万円以上の求人・転職情報を探すなら俺の夢！50代、60代活躍中の施工管理のお仕事、年収1,000万円以上のお仕事など、資格や経験が活かせる仕事が満載です！施工管理・現場監督への転職なら『俺の夢』にお任せ下さい！  ","/pref/search/WC52/","1","1"
"225","<span>建築施工管理の求人・転職情報一覧</span><br />建築施工管理の求人・転職情報を探すなら俺の夢！50代、60代活躍中の施工管理のお仕事、年収1,000万円以上のお仕事など、資格や経験が活かせる仕事が満載です！施工管理・現場監督への転職なら『俺の夢』にお任せ下さい！  ","/pref/job/JB63/JS21057/","0","1"
"226","<span>建築施工管理の求人・転職情報一覧</span><br />建築施工管理の求人・転職情報を探すなら俺の夢！50代、60代活躍中の施工管理のお仕事、年収1,000万円以上のお仕事など、資格や経験が活かせる仕事が満載です！施工管理・現場監督への転職なら『俺の夢』にお任せ下さい！  ","/pref/job/JB63/JS21057/","1","1"
"227","<span>電気施工管理の求人・転職情報一覧</span><br />電気施工管理の求人・転職情報を探すなら俺の夢！50代、60代活躍中の施工管理のお仕事、年収1,000万円以上のお仕事など、資格や経験が活かせる仕事が満載です！施工管理・現場監督への転職なら『俺の夢』にお任せ下さい！  ","/pref/job/JB63/JS21061/","0","1"
"228","<span>電気施工管理の求人・転職情報一覧</span><br />電気施工管理の求人・転職情報を探すなら俺の夢！50代、60代活躍中の施工管理のお仕事、年収1,000万円以上のお仕事など、資格や経験が活かせる仕事が満載です！施工管理・現場監督への転職なら『俺の夢』にお任せ下さい！  ","/pref/job/JB63/JS21061/","1","1"
"229","<span>土木施工管理の求人・転職情報一覧</span><br />土木施工管理の求人・転職情報を探すなら俺の夢！50代、60代活躍中の施工管理のお仕事、年収1,000万円以上のお仕事など、資格や経験が活かせる仕事が満載です！施工管理・現場監督への転職なら『俺の夢』にお任せ下さい！  ","/pref/job/JB63/JS21058/","0","1"
"230","<span>土木施工管理の求人・転職情報一覧</span><br />土木施工管理の求人・転職情報を探すなら俺の夢！50代、60代活躍中の施工管理のお仕事、年収1,000万円以上のお仕事など、資格や経験が活かせる仕事が満載です！施工管理・現場監督への転職なら『俺の夢』にお任せ下さい！  ","/pref/job/JB63/JS21058/","1","1"
"231","<span>S造の現場の求人・転職情報一覧</span><br />S造の現場の求人・転職情報を探すなら俺の夢！50代、60代活躍中の施工管理のお仕事、年収1,000万円以上のお仕事など、資格や経験が活かせる仕事が満載です！施工管理・現場監督への転職なら『俺の夢』にお任せ下さい！  ","/pref/merit/MC205/","0","1"
"232","<span>S造の現場の求人・転職情報一覧</span><br />S造の現場の求人・転職情報を探すなら俺の夢！50代、60代活躍中の施工管理のお仕事、年収1,000万円以上のお仕事など、資格や経験が活かせる仕事が満載です！施工管理・現場監督への転職なら『俺の夢』にお任せ下さい！  ","/pref/merit/MC205/","1","1"
"233","<span>SRC造の現場の求人・転職情報一覧</span><br />SRC造の現場の求人・転職情報を探すなら俺の夢！50代、60代活躍中の施工管理のお仕事、年収1,000万円以上のお仕事など、資格や経験が活かせる仕事が満載です！施工管理・現場監督への転職なら『俺の夢』にお任せ下さい！  ","/pref/merit/MC206/","0","1"
"234","<span>SRC造の現場の求人・転職情報一覧</span><br />SRC造の現場の求人・転職情報を探すなら俺の夢！50代、60代活躍中の施工管理のお仕事、年収1,000万円以上のお仕事など、資格や経験が活かせる仕事が満載です！施工管理・現場監督への転職なら『俺の夢』にお任せ下さい！  ","/pref/merit/MC206/","1","1"
"235","<span>RC造の現場の求人・転職情報一覧</span><br />RC造の現場の求人・転職情報を探すなら俺の夢！50代、60代活躍中の施工管理のお仕事、年収1,000万円以上のお仕事など、資格や経験が活かせる仕事が満載です！施工管理・現場監督への転職なら『俺の夢』にお任せ下さい！  ","/pref/merit/MC207/","0","1"
"236","<span>RC造の現場の求人・転職情報一覧</span><br />RC造の現場の求人・転職情報を探すなら俺の夢！50代、60代活躍中の施工管理のお仕事、年収1,000万円以上のお仕事など、資格や経験が活かせる仕事が満載です！施工管理・現場監督への転職なら『俺の夢』にお任せ下さい！  ","/pref/merit/MC207/","1","1"
"237","<span>木造の現場の求人・転職情報一覧</span><br />木造の現場の求人・転職情報を探すなら俺の夢！50代、60代活躍中の施工管理のお仕事、年収1,000万円以上のお仕事など、資格や経験が活かせる仕事が満載です！施工管理・現場監督への転職なら『俺の夢』にお任せ下さい！  ","/pref/merit/MC209/","0","1"
"238","<span>木造の現場の求人・転職情報一覧</span><br />木造の現場の求人・転職情報を探すなら俺の夢！50代、60代活躍中の施工管理のお仕事、年収1,000万円以上のお仕事など、資格や経験が活かせる仕事が満載です！施工管理・現場監督への転職なら『俺の夢』にお任せ下さい！  ","/pref/merit/MC209/","1","1"
"239","<span>ビル（事務所ビルなど）工事の求人・転職情報一覧</span><br />ビル（事務所ビルなど）工事の求人・転職情報を探すなら俺の夢！50代、60代活躍中の施工管理のお仕事、年収1,000万円以上のお仕事など、資格や経験が活かせる仕事が満載です！施工管理・現場監督への転職なら『俺の夢』にお任せ下さい！  ","<span>ビル（事務所ビルなど）工事の求人・転職情報一覧</span><br />ビル（事務所ビルなど）工事の求人・転職情報を探すなら俺の夢！50代、60代活躍中の施工管理のお仕事、年収1,000万円以上のお仕事など、資格や経験が活かせる仕事が満載です！施工管理・現場監督への転職なら『俺の夢』にお任せ下さい！  ","0","1"
"240","<span>ビル（事務所ビルなど）工事の求人・転職情報一覧</span><br />ビル（事務所ビルなど）工事の求人・転職情報を探すなら俺の夢！50代、60代活躍中の施工管理のお仕事、年収1,000万円以上のお仕事など、資格や経験が活かせる仕事が満載です！施工管理・現場監督への転職なら『俺の夢』にお任せ下さい！  ","/pref/merit/MC211/","1","1"
"241","<span>マンション/アパート工事の求人・転職情報一覧</span><br />マンション/アパート工事の求人・転職情報を探すなら俺の夢！50代、60代活躍中の施工管理のお仕事、年収1,000万円以上のお仕事など、資格や経験が活かせる仕事が満載です！施工管理・現場監督への転職なら『俺の夢』にお任せ下さい！  ","/pref/merit/MC213/","0","1"
"242","<span>マンション/アパート工事の求人・転職情報一覧</span><br />マンション/アパート工事の求人・転職情報を探すなら俺の夢！50代、60代活躍中の施工管理のお仕事、年収1,000万円以上のお仕事など、資格や経験が活かせる仕事が満載です！施工管理・現場監督への転職なら『俺の夢』にお任せ下さい！  ","/pref/merit/MC213/","1","1"
"243","<span>住宅工事の求人・転職情報一覧</span><br />住宅工事の求人・転職情報を探すなら俺の夢！50代、60代活躍中の施工管理のお仕事、年収1,000万円以上のお仕事など、資格や経験が活かせる仕事が満載です！施工管理・現場監督への転職なら『俺の夢』にお任せ下さい！  ","/pref/merit/MC216/","0","1"
"244","<span>住宅工事の求人・転職情報一覧</span><br />住宅工事の求人・転職情報を探すなら俺の夢！50代、60代活躍中の施工管理のお仕事、年収1,000万円以上のお仕事など、資格や経験が活かせる仕事が満載です！施工管理・現場監督への転職なら『俺の夢』にお任せ下さい！  ","/pref/merit/MC216/","1","1"
"245","<span>道路工事の求人・転職情報一覧</span><br />道路工事の求人・転職情報を探すなら俺の夢！50代、60代活躍中の施工管理のお仕事、年収1,000万円以上のお仕事など、資格や経験が活かせる仕事が満載です！施工管理・現場監督への転職なら『俺の夢』にお任せ下さい！  ","/pref/merit/MC231/","0","1"
"246","<span>道路工事の求人・転職情報一覧</span><br />道路工事の求人・転職情報を探すなら俺の夢！50代、60代活躍中の施工管理のお仕事、年収1,000万円以上のお仕事など、資格や経験が活かせる仕事が満載です！施工管理・現場監督への転職なら『俺の夢』にお任せ下さい！  ","/pref/merit/MC231/","1","1"
"247","<span>安全管理の求人・転職情報一覧</span><br />安全管理の求人・転職情報を探すなら俺の夢！50代、60代活躍中の施工管理のお仕事、年収1,000万円以上のお仕事など、資格や経験が活かせる仕事が満載です！施工管理・現場監督への転職なら『俺の夢』にお任せ下さい！  ","/pref/merit/MC191/","0","1"
"248","<span>安全管理の求人・転職情報一覧</span><br />安全管理の求人・転職情報を探すなら俺の夢！50代、60代活躍中の施工管理のお仕事、年収1,000万円以上のお仕事など、資格や経験が活かせる仕事が満載です！施工管理・現場監督への転職なら『俺の夢』にお任せ下さい！  ","/pref/merit/MC191/","1","1"
"249","<span>品質・出来形管理の求人・転職情報一覧</span><br />品質・出来形管理の求人・転職情報を探すなら俺の夢！50代、60代活躍中の施工管理のお仕事、年収1,000万円以上のお仕事など、資格や経験が活かせる仕事が満載です！施工管理・現場監督への転職なら『俺の夢』にお任せ下さい！  ","/pref/merit/MC198/","0","1"
"250","<span>品質・出来形管理の求人・転職情報一覧</span><br />品質・出来形管理の求人・転職情報を探すなら俺の夢！50代、60代活躍中の施工管理のお仕事、年収1,000万円以上のお仕事など、資格や経験が活かせる仕事が満載です！施工管理・現場監督への転職なら『俺の夢』にお任せ下さい！  ","/pref/merit/MC198/","1","1"
"251","<span>工程管理の求人・転職情報一覧</span><br />工程管理の求人・転職情報を探すなら俺の夢！50代、60代活躍中の施工管理のお仕事、年収1,000万円以上のお仕事など、資格や経験が活かせる仕事が満載です！施工管理・現場監督への転職なら『俺の夢』にお任せ下さい！  ","/pref/merit/MC251/","0","1"
"252","<span>工程管理の求人・転職情報一覧</span><br />工程管理の求人・転職情報を探すなら俺の夢！50代、60代活躍中の施工管理のお仕事、年収1,000万円以上のお仕事など、資格や経験が活かせる仕事が満載です！施工管理・現場監督への転職なら『俺の夢』にお任せ下さい！  ","/pref/merit/MC251/","1","1"
"253","<span>作図の求人・転職情報一覧</span><br />作図の求人・転職情報を探すなら俺の夢！50代、60代活躍中の施工管理のお仕事、年収1,000万円以上のお仕事など、資格や経験が活かせる仕事が満載です！施工管理・現場監督への転職なら『俺の夢』にお任せ下さい！  ","/pref/merit/MC195/","0","1"
"254","<span>作図の求人・転職情報一覧</span><br />作図の求人・転職情報を探すなら俺の夢！50代、60代活躍中の施工管理のお仕事、年収1,000万円以上のお仕事など、資格や経験が活かせる仕事が満載です！施工管理・現場監督への転職なら『俺の夢』にお任せ下さい！  ","/pref/merit/MC195/","1","1"
"255","<span>図面修正の求人・転職情報一覧</span><br />図面修正の求人・転職情報を探すなら俺の夢！50代、60代活躍中の施工管理のお仕事、年収1,000万円以上のお仕事など、資格や経験が活かせる仕事が満載です！施工管理・現場監督への転職なら『俺の夢』にお任せ下さい！  ","/pref/merit/MC196/","0","1"
"256","<span>図面修正の求人・転職情報一覧</span><br />図面修正の求人・転職情報を探すなら俺の夢！50代、60代活躍中の施工管理のお仕事、年収1,000万円以上のお仕事など、資格や経験が活かせる仕事が満載です！施工管理・現場監督への転職なら『俺の夢』にお任せ下さい！  ","/pref/merit/MC196/","1","1"
"257","<span>書類作成の求人・転職情報一覧</span><br />書類作成の求人・転職情報を探すなら俺の夢！50代、60代活躍中の施工管理のお仕事、年収1,000万円以上のお仕事など、資格や経験が活かせる仕事が満載です！施工管理・現場監督への転職なら『俺の夢』にお任せ下さい！  ","/pref/merit/MC192/","0","1"
"258","<span>書類作成の求人・転職情報一覧</span><br />書類作成の求人・転職情報を探すなら俺の夢！50代、60代活躍中の施工管理のお仕事、年収1,000万円以上のお仕事など、資格や経験が活かせる仕事が満載です！施工管理・現場監督への転職なら『俺の夢』にお任せ下さい！  ","/pref/merit/MC192/","1","1"
"259","<span>東京都の設計の求人・転職情報一覧</span><br>東京都の設計の求人・転職情報を探すなら俺の夢！50代、60代活躍中の施工管理のお仕事、年収1,000万円以上のお仕事など、資格や経験が活かせる仕事が満載です！施工管理・現場監督への転職なら『俺の夢』にお任せ下さい！  ","/pref/area/JB64/JS21063/PC13/","0","1"
"260","<span>東京都の設計の求人・転職情報一覧</span><br>東京都の設計の求人・転職情報を探すなら俺の夢！50代、60代活躍中の施工管理のお仕事、年収1,000万円以上のお仕事など、資格や経験が活かせる仕事が満載です！施工管理・現場監督への転職なら『俺の夢』にお任せ下さい！  ","/pref/area/JB64/JS21063/PC13/","1","1"
"261","<span>東京都の施工管理の求人・転職情報一覧</span><br>東京都の施工管理の求人・転職情報を探すなら俺の夢！50代、60代活躍中の施工管理のお仕事、年収1,000万円以上のお仕事など、資格や経験が活かせる仕事が満載です！施工管理・現場監督への転職なら『俺の夢』にお任せ下さい！  ","/pref/area/JB63/PC13/","0","1"
"262","<span>東京都の施工管理の求人・転職情報一覧</span><br>東京都の施工管理の求人・転職情報を探すなら俺の夢！50代、60代活躍中の施工管理のお仕事、年収1,000万円以上のお仕事など、資格や経験が活かせる仕事が満載です！施工管理・現場監督への転職なら『俺の夢』にお任せ下さい！  ","/pref/area/JB63/PC13/","1","1"
"263","<span>神奈川県の施工管理の求人・転職情報一覧</span><br>神奈川県の施工管理の求人・転職情報を探すなら俺の夢！50代、60代活躍中の施工管理のお仕事、年収1,000万円以上のお仕事など、資格や経験が活かせる仕事が満載です！施工管理・現場監督への転職なら『俺の夢』にお任せ下さい！  ","/pref/area/JB63/PC14/","0","1"
"264","<span>神奈川県の施工管理の求人・転職情報一覧</span><br>神奈川県の施工管理の求人・転職情報を探すなら俺の夢！50代、60代活躍中の施工管理のお仕事、年収1,000万円以上のお仕事など、資格や経験が活かせる仕事が満載です！施工管理・現場監督への転職なら『俺の夢』にお任せ下さい！  ","/pref/area/JB63/PC14/","1","1"
"265","<span>千葉県の施工管理の求人・転職情報一覧</span><br>千葉県の施工管理の求人・転職情報を探すなら俺の夢！50代、60代活躍中の施工管理のお仕事、年収1,000万円以上のお仕事など、資格や経験が活かせる仕事が満載です！施工管理・現場監督への転職なら『俺の夢』にお任せ下さい！  ","/pref/area/JB63/PC12/","0","1"
"266","<span>千葉県の施工管理の求人・転職情報一覧</span><br>千葉県の施工管理の求人・転職情報を探すなら俺の夢！50代、60代活躍中の施工管理のお仕事、年収1,000万円以上のお仕事など、資格や経験が活かせる仕事が満載です！施工管理・現場監督への転職なら『俺の夢』にお任せ下さい！  ","/pref/area/JB63/PC12/","1","1"
"267","<span>埼玉県の施工管理の求人・転職情報一覧</span><br>埼玉県の施工管理の求人・転職情報を探すなら俺の夢！50代、60代活躍中の施工管理のお仕事、年収1,000万円以上のお仕事など、資格や経験が活かせる仕事が満載です！施工管理・現場監督への転職なら『俺の夢』にお任せ下さい！  ","/pref/area/JB63/PC11/","0","1"
"268","<span>埼玉県の施工管理の求人・転職情報一覧</span><br>埼玉県の施工管理の求人・転職情報を探すなら俺の夢！50代、60代活躍中の施工管理のお仕事、年収1,000万円以上のお仕事など、資格や経験が活かせる仕事が満載です！施工管理・現場監督への転職なら『俺の夢』にお任せ下さい！  ","/pref/area/JB63/PC11/","1","1"
"269","<span>福島県の施工管理の求人・転職情報一覧</span><br>福島県の施工管理の求人・転職情報を探すなら俺の夢！50代、60代活躍中の施工管理のお仕事、年収1,000万円以上のお仕事など、資格や経験が活かせる仕事が満載です！施工管理・現場監督への転職なら『俺の夢』にお任せ下さい！  ","/pref/area/JB63/PC7/","0","1"
"270","<span>福島県の施工管理の求人・転職情報一覧</span><br>福島県の施工管理の求人・転職情報を探すなら俺の夢！50代、60代活躍中の施工管理のお仕事、年収1,000万円以上のお仕事など、資格や経験が活かせる仕事が満載です！施工管理・現場監督への転職なら『俺の夢』にお任せ下さい！  ","/pref/area/JB63/PC7/","1","1"
"271","<span>北海道の施工管理の求人・転職情報一覧</span><br>北海道の施工管理の求人・転職情報を探すなら俺の夢！50代、60代活躍中の施工管理のお仕事、年収1,000万円以上のお仕事など、資格や経験が活かせる仕事が満載です！施工管理・現場監督への転職なら『俺の夢』にお任せ下さい！  ","/pref/area/JB63/PC1/","0","1"
"272","<span>北海道の施工管理の求人・転職情報一覧</span><br>北海道の施工管理の求人・転職情報を探すなら俺の夢！50代、60代活躍中の施工管理のお仕事、年収1,000万円以上のお仕事など、資格や経験が活かせる仕事が満載です！施工管理・現場監督への転職なら『俺の夢』にお任せ下さい！  ","/pref/area/JB63/PC1/","1","1"
"273","<span>岩手県の施工管理の求人・転職情報一覧</span><br>岩手県の施工管理の求人・転職情報を探すなら俺の夢！50代、60代活躍中の施工管理のお仕事、年収1,000万円以上のお仕事など、資格や経験が活かせる仕事が満載です！施工管理・現場監督への転職なら『俺の夢』にお任せ下さい！  ","/pref/area/JB63/PC3/","0","1"
"274","<span>岩手県の施工管理の求人・転職情報一覧</span><br>岩手県の施工管理の求人・転職情報を探すなら俺の夢！50代、60代活躍中の施工管理のお仕事、年収1,000万円以上のお仕事など、資格や経験が活かせる仕事が満載です！施工管理・現場監督への転職なら『俺の夢』にお任せ下さい！  ","/pref/area/JB63/PC3/","1","1"
"275","<span>愛知県の施工管理の求人・転職情報一覧</span><br>愛知県の施工管理の求人・転職情報を探すなら俺の夢！50代、60代活躍中の施工管理のお仕事、年収1,000万円以上のお仕事など、資格や経験が活かせる仕事が満載です！施工管理・現場監督への転職なら『俺の夢』にお任せ下さい！  ","/pref/area/JB63/PC23/","0","1"
"276","<span>愛知県の施工管理の求人・転職情報一覧</span><br>愛知県の施工管理の求人・転職情報を探すなら俺の夢！50代、60代活躍中の施工管理のお仕事、年収1,000万円以上のお仕事など、資格や経験が活かせる仕事が満載です！施工管理・現場監督への転職なら『俺の夢』にお任せ下さい！  ","/pref/area/JB63/PC23/","1","1"
"277","<span>大阪府の施工管理の求人・転職情報一覧</span><br>大阪府の施工管理の求人・転職情報を探すなら俺の夢！50代、60代活躍中の施工管理のお仕事、年収1,000万円以上のお仕事など、資格や経験が活かせる仕事が満載です！施工管理・現場監督への転職なら『俺の夢』にお任せ下さい！  ","/pref/area/JB63/PC27/","0","1"
"278","<span>大阪府の施工管理の求人・転職情報一覧</span><br>大阪府の施工管理の求人・転職情報を探すなら俺の夢！50代、60代活躍中の施工管理のお仕事、年収1,000万円以上のお仕事など、資格や経験が活かせる仕事が満載です！施工管理・現場監督への転職なら『俺の夢』にお任せ下さい！  ","/pref/area/JB63/PC27/","1","1"
"279","<span>兵庫県の施工管理の求人・転職情報一覧</span><br>兵庫県の施工管理の求人・転職情報を探すなら俺の夢！50代、60代活躍中の施工管理のお仕事、年収1,000万円以上のお仕事など、資格や経験が活かせる仕事が満載です！施工管理・現場監督への転職なら『俺の夢』にお任せ下さい！  ","/pref/area/JB63/PC28/","0","1"
"280","<span>兵庫県の施工管理の求人・転職情報一覧</span><br>兵庫県の施工管理の求人・転職情報を探すなら俺の夢！50代、60代活躍中の施工管理のお仕事、年収1,000万円以上のお仕事など、資格や経験が活かせる仕事が満載です！施工管理・現場監督への転職なら『俺の夢』にお任せ下さい！  ","/pref/area/JB63/PC28/","1","1"
"281","<span>福岡県の施工管理の求人・転職情報一覧</span><br>福岡県の施工管理の求人・転職情報を探すなら俺の夢！50代、60代活躍中の施工管理のお仕事、年収1,000万円以上のお仕事など、資格や経験が活かせる仕事が満載です！施工管理・現場監督への転職なら『俺の夢』にお任せ下さい！  ","/pref/area/JB63/PC40/","0","1"
"282","<span>福岡県の施工管理の求人・転職情報一覧</span><br>福岡県の施工管理の求人・転職情報を探すなら俺の夢！50代、60代活躍中の施工管理のお仕事、年収1,000万円以上のお仕事など、資格や経験が活かせる仕事が満載です！施工管理・現場監督への転職なら『俺の夢』にお任せ下さい！  ","/pref/area/JB63/PC40/","1","1"
"283","<span>静岡県の施工管理の求人・転職情報一覧</span><br>静岡県の施工管理の求人・転職情報を探すなら俺の夢！50代、60代活躍中の施工管理のお仕事、年収1,000万円以上のお仕事など、資格や経験が活かせる仕事が満載です！施工管理・現場監督への転職なら『俺の夢』にお任せ下さい！  ","/pref/area/JB63/PC22/","0","1"
"284","<span>静岡県の施工管理の求人・転職情報一覧</span><br>静岡県の施工管理の求人・転職情報を探すなら俺の夢！50代、60代活躍中の施工管理のお仕事、年収1,000万円以上のお仕事など、資格や経験が活かせる仕事が満載です！施工管理・現場監督への転職なら『俺の夢』にお任せ下さい！  ","/pref/area/JB63/PC22/","1","1"
"285","<span>宮城県の施工管理の求人・転職情報一覧</span><br>宮城県の施工管理の求人・転職情報を探すなら俺の夢！50代、60代活躍中の施工管理のお仕事、年収1,000万円以上のお仕事など、資格や経験が活かせる仕事が満載です！施工管理・現場監督への転職なら『俺の夢』にお任せ下さい！  ","/pref/area/JB63/PC4/","0","1"
"286","<span>宮城県の施工管理の求人・転職情報一覧</span><br>宮城県の施工管理の求人・転職情報を探すなら俺の夢！50代、60代活躍中の施工管理のお仕事、年収1,000万円以上のお仕事など、資格や経験が活かせる仕事が満載です！施工管理・現場監督への転職なら『俺の夢』にお任せ下さい！  ","/pref/area/JB63/PC4/","1","1"
"287","<span>京都府の施工管理の求人・転職情報一覧</span><br>京都府の施工管理の求人・転職情報を探すなら俺の夢！50代、60代活躍中の施工管理のお仕事、年収1,000万円以上のお仕事など、資格や経験が活かせる仕事が満載です！施工管理・現場監督への転職なら『俺の夢』にお任せ下さい！  ","/pref/area/JB63/PC26/","0","1"
"288","<span>京都府の施工管理の求人・転職情報一覧</span><br>京都府の施工管理の求人・転職情報を探すなら俺の夢！50代、60代活躍中の施工管理のお仕事、年収1,000万円以上のお仕事など、資格や経験が活かせる仕事が満載です！施工管理・現場監督への転職なら『俺の夢』にお任せ下さい！  ","/pref/area/JB63/PC26/","1","1"
"289","<span>沖縄県の施工管理の求人・転職情報一覧</span><br>沖縄県の施工管理の求人・転職情報を探すなら俺の夢！50代、60代活躍中の施工管理のお仕事、年収1,000万円以上のお仕事など、資格や経験が活かせる仕事が満載です！施工管理・現場監督への転職なら『俺の夢』にお任せ下さい！  ","/pref/area/JB63/PC47/","0","1"
"290","<span>沖縄県の施工管理の求人・転職情報一覧</span><br>沖縄県の施工管理の求人・転職情報を探すなら俺の夢！50代、60代活躍中の施工管理のお仕事、年収1,000万円以上のお仕事など、資格や経験が活かせる仕事が満載です！施工管理・現場監督への転職なら『俺の夢』にお任せ下さい！  ","/pref/area/JB63/PC47/","1","1"
"291","<span>東京都の施工管理の求人・転職情報一覧</span><br>東京都の施工管理の求人・転職情報を探すなら俺の夢！50代、60代活躍中の施工管理のお仕事、年収1,000万円以上のお仕事など、資格や経験が活かせる仕事が満載です！施工管理・現場監督への転職なら『俺の夢』にお任せ下さい！  ","/pref/search/FW施工管理+東京/","0","1"
"292","<span>東京都の施工管理の求人・転職情報一覧</span><br>東京都の施工管理の求人・転職情報を探すなら俺の夢！50代、60代活躍中の施工管理のお仕事、年収1,000万円以上のお仕事など、資格や経験が活かせる仕事が満載です！施工管理・現場監督への転職なら『俺の夢』にお任せ下さい！  ","/pref/search/FW施工管理+東京/","1","1"
"293","<span>東京都の施工管理の求人・転職情報一覧</span><br>東京都の施工管理の求人・転職情報を探すなら俺の夢！50代、60代活躍中の施工管理のお仕事、年収1,000万円以上のお仕事など、資格や経験が活かせる仕事が満載です！施工管理・現場監督への転職なら『俺の夢』にお任せ下さい！  ","/pref/search/FW東京+施工管理/","0","1"
"294","<span>東京都の施工管理の求人・転職情報一覧</span><br>東京都の施工管理の求人・転職情報を探すなら俺の夢！50代、60代活躍中の施工管理のお仕事、年収1,000万円以上のお仕事など、資格や経験が活かせる仕事が満載です！施工管理・現場監督への転職なら『俺の夢』にお任せ下さい！  ","/pref/search/FW東京+施工管理/","1","1"
"295","<span>仙台市周辺の施工管理の求人・転職情報一覧</span><br>仙台市周辺の施工管理の求人・転職情報を探すなら俺の夢！50代、60代活躍中の施工管理のお仕事、年収1,000万円以上のお仕事など、資格や経験が活かせる仕事が満載です！施工管理・現場監督への転職なら『俺の夢』にお任せ下さい！  ","/pref/area/JB63/PC4/DG292/","0","1"
"296","<span>仙台市周辺の施工管理の求人・転職情報一覧</span><br>仙台市周辺の施工管理の求人・転職情報を探すなら俺の夢！50代、60代活躍中の施工管理のお仕事、年収1,000万円以上のお仕事など、資格や経験が活かせる仕事が満載です！施工管理・現場監督への転職なら『俺の夢』にお任せ下さい！  ","/pref/area/JB63/PC4/DG292/","1","1"
"297","<span>仙台市の施工管理の求人・転職情報一覧</span><br>仙台市の施工管理の求人・転職情報を探すなら俺の夢！50代、60代活躍中の施工管理のお仕事、年収1,000万円以上のお仕事など、資格や経験が活かせる仕事が満載です！施工管理・現場監督への転職なら『俺の夢』にお任せ下さい！  ","/pref/search/FW施工管理+仙台/","0","1"
"298","<span>仙台市の施工管理の求人・転職情報一覧</span><br>仙台市の施工管理の求人・転職情報を探すなら俺の夢！50代、60代活躍中の施工管理のお仕事、年収1,000万円以上のお仕事など、資格や経験が活かせる仕事が満載です！施工管理・現場監督への転職なら『俺の夢』にお任せ下さい！  ","/pref/search/FW施工管理+仙台/","1","1"
"299","<span>仙台市の施工管理の求人・転職情報一覧</span><br>仙台市の施工管理の求人・転職情報を探すなら俺の夢！50代、60代活躍中の施工管理のお仕事、年収1,000万円以上のお仕事など、資格や経験が活かせる仕事が満載です！施工管理・現場監督への転職なら『俺の夢』にお任せ下さい！  ","/pref/search/FW仙台+施工管理/","0","1"
"300","<span>仙台市の施工管理の求人・転職情報一覧</span><br>仙台市の施工管理の求人・転職情報を探すなら俺の夢！50代、60代活躍中の施工管理のお仕事、年収1,000万円以上のお仕事など、資格や経験が活かせる仕事が満載です！施工管理・現場監督への転職なら『俺の夢』にお任せ下さい！  ","/pref/search/FW仙台+施工管理/","1","1"
"301","<span>神奈川県の施工管理の求人・転職情報一覧</span><br>神奈川県の施工管理の求人・転職情報を探すなら俺の夢！50代、60代活躍中の施工管理のお仕事、年収1,000万円以上のお仕事など、資格や経験が活かせる仕事が満載です！施工管理・現場監督への転職なら『俺の夢』にお任せ下さい！  ","/pref/search/FW神奈川+施工管理/","0","1"
"302","<span>神奈川県の施工管理の求人・転職情報一覧</span><br>神奈川県の施工管理の求人・転職情報を探すなら俺の夢！50代、60代活躍中の施工管理のお仕事、年収1,000万円以上のお仕事など、資格や経験が活かせる仕事が満載です！施工管理・現場監督への転職なら『俺の夢』にお任せ下さい！  ","/pref/search/FW神奈川+施工管理/","1","1"
"303","<span>神奈川県の施工管理の求人・転職情報一覧</span><br>神奈川県の施工管理の求人・転職情報を探すなら俺の夢！50代、60代活躍中の施工管理のお仕事、年収1,000万円以上のお仕事など、資格や経験が活かせる仕事が満載です！施工管理・現場監督への転職なら『俺の夢』にお任せ下さい！  ","/pref/search/FW施工管理+神奈川/","0","1"
"304","<span>神奈川県の施工管理の求人・転職情報一覧</span><br>神奈川県の施工管理の求人・転職情報を探すなら俺の夢！50代、60代活躍中の施工管理のお仕事、年収1,000万円以上のお仕事など、資格や経験が活かせる仕事が満載です！施工管理・現場監督への転職なら『俺の夢』にお任せ下さい！  ","/pref/search/FW施工管理+神奈川/","1","1"
