s撬R[h,s{,s撬
"1","kC","kCS"
"1101","kC","Dys"
"1102","kC","Dysk"
"1103","kC","Dys"
"1104","kC","Dys΋"
"1105","kC","DysL"
"1106","kC","Dys"
"1107","kC","Dys"
"1108","kC","Dysʋ"
"1109","kC","Dys"
"1110","kC","Dysc"
"1202","kC","َs"
"1203","kC","Ms"
"1204","kC","s"
"1205","kC","s"
"1206","kC","Hs"
"1207","kC","эLs"
"1208","kC","ks"
"1209","kC","[s"
"1210","kC","〈s"
"1211","kC","ԑs"
"1212","kC","Gs"
"1213","kC","Ϗqs"
"1214","kC","ts"
"1215","kC","Ss"
"1216","kC","ʎs"
"1217","kC","]ʎs"
"1218","kC","ԕs"
"1219","kC","ʎs"
"1220","kC","mʎs"
"1221","kC","s"
"1222","kC","O}s"
"1223","kC","s"
"1224","kC","Ύs"
"1225","kC","s"
"1226","kC","s"
"1227","kC","̎us"
"1228","kC","[s"
"1229","kC","xǖs"
"1230","kC","oʎs"
"1231","kC","bs"
"1233","kC","ɒBs"
"1234","kC","kLs"
"1235","kC","Ύs"
"1303","kC","ʒ"
"1304","kC","VÑ"
"1331","kC","O"
"1332","kC",""
"1333","kC","m"
"1334","kC","،Ó"
"1337","kC","ђ"
"1343","kC",""
"1345","kC","X"
"1346","kC","_"
"1347","kC",""
"1361","kC","]"
"1362","kC","m"
"1363","kC","򕔒"
"1364","kC",""
"1367","kC","K"
"1370","kC",""
"1391","kC","q"
"1392","kC","s"
"1393","kC",""
"1394","kC","z"
"1395","kC","jZR"
"1396","kC","^둺"
"1397","kC","s"
"1398","kC","Εʒ"
"1399","kC","ɒ"
"1400","kC","m"
"1401","kC","a"
"1402","kC",""
"1403","kC",""
"1404","kC","_b"
"1405","kC","ϒO"
"1406","kC","Õ"
"1407","kC","mؒ"
"1408","kC","]s"
"1409","kC","Ԉ쑺"
"1423","kC","y"
"1424","kC","ވ]"
"1425","kC","㍻쒬"
"1427","kC","Rm"
"1428","kC",""
"1429","kC","IR"
"1430","kC","`"
"1431","kC","YP"
"1432","kC","V\Ð쒬"
"1433","kC","w"
"1434","kC","ʒ"
"1436","kC","J"
"1437","kC","k"
"1438","kC","c"
"1439","kC","y"
"1452","kC","鐲"
"1453","kC","_y"
"1454","kC",""
"1455","kC","z"
"1456","kC","ʒ"
"1457","kC","쒬"
"1458","kC","쒬"
"1459","kC","l"
"1460","kC","xǖ쒬"
"1461","kC","xǖ쒬"
"1462","kC","xǖ쒬"
"1463","kC","芥"
"1464","kC","a"
"1465","kC",""
"1468","kC","쒬"
"1469","kC","["
"1470","kC","Ўq{"
"1471","kC","쒬"
"1481","kC","ђ"
"1482","kC",""
"1483","kC","ϑO"
"1484","kC","Hy"
"1485","kC","Rʑ"
"1486","kC","ʒ"
"1487","kC","V"
"1488","kC","y"
"1511","kC",""
"1512","kC","lڕʒ"
"1513","kC","ڕʒ"
"1514","kC","}K"
"1516","kC","Lx"
"1517","kC","當"
"1518","kC","K"
"1519","kC","Kxm"
"1543","kC","y"
"1544","kC","Õʒ"
"1545","kC","Η"
"1546","kC",""
"1547","kC",""
"1549","kC","Pq{"
"1550","kC","u˒"
"1552","kC","CԒ"
"1555","kC","y"
"1559","kC","Nʒ"
"1560","kC","㒬"
"1561","kC",""
"1562","kC",""
"1563","kC","Y"
"1571","kC","LY"
"1575","kC","s˒"
"1578","kC","V"
"1581","kC","^"
"1601","kC",""
"1602","kC","撬"
"1604","kC","V"
"1607","kC","Y͒"
"1608","kC","l"
"1609","kC",""
"1610","kC","VЂ"
"1631","kC","X"
"1632","kC","my"
"1633","kC","my"
"1634","kC","ǒ"
"1635","kC","V"
"1636","kC",""
"1637","kC","莺"
"1638","kC","D"
"1639","kC","Xʑ"
"1641","kC",""
"1642","kC","L"
"1643","kC","ʒ"
"1644","kC","rc"
"1645","kC","L"
"1646","kC","{ʒ"
"1647","kC",""
"1648","kC","ʒ"
"1649","kC","Yy"
"1661","kC","H"
"1662","kC","ݒ"
"1663","kC","l"
"1664","kC","W"
"1665","kC","q"
"1667","kC","ߋ"
"1668","kC","f"
"1691","kC","ʊC"
"1692","kC","WÒ"
"1693","kC","WÒ"
"1694","kC","P"
"1695","kC","kls"
"1696","kC","Ȓ"
"1697","kC",""
"1698","kC","Β"
"1699","kC",""
"1700","kC","ނ풬"
"2","X","XS"
"2201","X","Xs"
"2202","X","OOs"
"2203","X","ˎs"
"2204","X","Ύs"
"2205","X","܏쌴s"
"2206","X","\acs"
"2207","X","Os"
"2208","X","ނs"
"2301","X",""
"2303","X","ʒ"
"2304","X","Hc"
"2321","X","˃"
"2323","X","[Y"
"2343","X","ډ"
"2361","X","蒬"
"2362","X","k"
"2367","X","cɊّ"
"2381","X",""
"2384","X","ߓc"
"2401","X","Ӓn"
"2402","X","˒"
"2405","X","Z˒"
"2406","X","l"
"2408","X","k"
"2411","X","Z"
"2423","X","Ԓ"
"2424","X","ʑ"
"2425","X","ԉY"
"2426","X","䑺"
"2441","X","O˒"
"2442","X","܌˒"
"2443","X","cq"
"2445","X","암"
"2446","X","K㒬"
"2450","X","V"
"2451","X","s"
"2452","X","s"
"2453","X","Ol"
"2454","X",""
"2455","X","点"
"3","茧","茧S"
"3201","茧","s"
"3202","茧","{Îs"
"3203","茧","Dns"
"3205","茧","Ԋs"
"3206","茧","ks"
"3207","茧","vs"
"3208","茧","s"
"3209","茧","֎s"
"3210","茧","Ocs"
"3211","茧","Ύs"
"3213","茧","ˎs"
"3301","茧","Β"
"3302","茧",""
"3303","茧","蒬"
"3305","茧","s"
"3321","茧","g"
"3322","茧","В"
"3402","茧",""
"3441","茧","Zc"
"3461","茧","ƒ"
"3482","茧","Rc"
"3483","茧",""
"3484","茧","c씨"
"3485","茧","㑺"
"3501","茧","yĒ"
"3503","茧","c"
"3506","茧","ˑ"
"3524","茧","˒"
"3525","茧","s"
"3526","茧","Bs"
"3527","茧","a꒬"
"3528","茧","P蒬"
"3529","茧","m쒬"
"4","{錧","{錧S"
"4101","{錧","st"
"4102","{錧","s{"
"4103","{錧","sы"
"4104","{錧","s"
"4105","{錧","s"
"4202","{錧","Ίs"
"4203","{錧","}s"
"4205","{錧","Cs"
"4206","{錧","Ύs"
"4207","{錧","s"
"4208","{錧","pcs"
"4209","{錧","s"
"4211","{錧","s"
"4301","{錧",""
"4321","{錧","͌"
"4322","{錧","c"
"4323","{錧","ēc"
"4324","{錧","蒬"
"4341","{錧","ېX"
"4361","{錧","j"
"4362","{錧","R"
"4401","{錧",""
"4404","{錧","l"
"4406","{錧","{"
"4421","{錧","a"
"4422","{錧","勽"
"4423","{錧","xJs"
"4424","{錧","t"
"4444","{錧","F"
"4445","{錧",""
"4501","{錧","OJ"
"4581","{錧","쒬"
"4606","{錧","oĎs"
"4607","{錧","Is"
"4608","{錧","s"
"4609","{錧","s"
"4610","{錧","Ph"
"4611","{錧",""
"4612","{錧","O"
"5","Hc","HcS"
"5201","Hc","Hcs"
"5202","Hc","\s"
"5203","Hc","s"
"5204","Hc","َs"
"5206","Hc","js"
"5207","Hc","s"
"5209","Hc","ps"
"5303","Hc","⒬"
"5327","Hc","㏬m"
"5346","Hc",""
"5361","Hc","܏ڒ"
"5363","Hc","Y"
"5366","Hc","쒬"
"5368","Hc","劃"
"5463","Hc","H㒬"
"5464","Hc",""
"5466","Hc","R{s"
"5467","Hc","s"
"5468","Hc","s"
"5469","Hc","kHcs"
"5470","Hc","ɂَs"
"5471","Hc","ks"
"5472","Hc","O풬"
"5473","Hc",""
"5474","Hc",""
"6","R`","R`S"
"6201","R`","R`s"
"6202","R`","đs"
"6203","R`","߉s"
"6204","R`","cs"
"6205","R`","Vs"
"6206","R`","͍]s"
"6207","R`","Rs"
"6208","R`","Rs"
"6209","R`","s"
"6210","R`","Vs"
"6211","R`","s"
"6212","R`","ԑs"
"6213","R`","zs"
"6301","R`","RӒ"
"6302","R`","R"
"6321","R`","͖k"
"6322","R`","쒬"
"6323","R`",""
"6324","R`","]"
"6341","R`","Γc"
"6361","R`","R"
"6362","R`","ŏ㒬"
"6363","R`","M`"
"6364","R`","^쒬"
"6365","R`","呠"
"6366","R`","쑺"
"6367","R`","ˑ"
"6381","R`",""
"6382","R`","쐼"
"6401","R`",""
"6402","R`","钬"
"6403","R`","іL"
"6426","R`","O쒬"
"6461","R`","V"
"6465","R`",""
"7","","S"
"7201","","s"
"7202","","Îᏼs"
"7203","","SRs"
"7204","","킫s"
"7205","","͎s"
"7207","","{s"
"7208","","쑽s"
"7209","","ns"
"7210","","{s"
"7301","","Kܒ"
"7302","","ɒB"
"7303","",""
"7308","","얓"
"7322","","ʑ"
"7342","","Β"
"7344","","Vh"
"7362","",""
"7364","","w}"
"7367","",""
"7402","","k"
"7405","","Ò"
"7407","","֒"
"7408","","c㒬"
"7421","","Í≺"
"7422","","쑺"
"7423","","Ò"
"7444","","O"
"7445","","R"
"7446","","a"
"7461","",""
"7464","","葺"
"7465","",""
"7466","",""
"7481","","Iq"
"7482","","Ւ"
"7483","",""
"7484","","L쑺"
"7501","","ΐ쒬"
"7502","","ʐ쑺"
"7503","","c"
"7504","","쒬"
"7505","","Óa"
"7521","","Ot"
"7522","","쒬"
"7541","","L쒬"
"7542","","t"
"7543","","x"
"7544","",""
"7545","","F"
"7546","","ot"
"7547","","Q]"
"7548","",""
"7561","","Vn"
"7564","","ъڑ"
"7565","","cs"
"7566","","쑊ns"
"7567","","ɒBs"
"7568","","{{s"
"7569","","Ò"
"7570","","Ô"
"13","s","sS"
"13101","s","c"
"13102","s",""
"13103","s","`"
"13104","s","Vh"
"13105","s",""
"13106","s","䓌"
"13107","s","nc"
"13108","s","]"
"13109","s","i"
"13110","s","ڍ"
"13111","s","c"
"13112","s","cJ"
"13113","s","aJ"
"13114","s",""
"13115","s",""
"13116","s","L"
"13117","s","k"
"13118","s","r"
"13119","s",""
"13120","s","n"
"13121","s",""
"13122","s",""
"13123","s","]ː"
"13201","s","qs"
"13202","s","s"
"13203","s","s"
"13204","s","Os"
"13205","s","~s"
"13206","s","{s"
"13207","s","s"
"13208","s","zs"
"13209","s","cs"
"13210","s","s"
"13211","s","s"
"13212","s","s"
"13213","s","Rs"
"13214","s","s"
"13215","s","s"
"13218","s","s"
"13219","s","]s"
"13220","s","as"
"13221","s","s"
"13222","s","vĎs"
"13223","s","Rs"
"13224","s","s"
"13225","s","s"
"13227","s","Hs"
"13228","s","s"
"13229","s","s"
"13303","s","䒬"
"13305","s","̏o"
"13307","s","w"
"13308","s",""
"13360","s","哇x"
"13361","s","哇"
"13362","s",""
"13363","s","V"
"13364","s","_Ó"
"13380","s","Ox"
"13381","s","O"
"13382","s","䑠"
"13400","s","x"
"13401","s","䒬"
"13402","s",""
"13420","s","}x"
"13421","s","}"
"14","_ސ쌧","_ސ쌧S"
"14101","_ސ쌧","lsߌ"
"14102","_ސ쌧","ls_ސ"
"14103","_ސ쌧","ls"
"14104","_ސ쌧","ls"
"14105","_ސ쌧","ls"
"14106","_ސ쌧","lsۓyJ"
"14107","_ސ쌧","lsq"
"14108","_ސ쌧","ls"
"14109","_ސ쌧","ls`k"
"14110","_ސ쌧","ls˒ˋ"
"14111","_ސ쌧","ls`"
"14112","_ސ쌧","ls"
"14113","_ސ쌧","ls΋"
"14114","_ސ쌧","lsJ"
"14115","_ސ쌧","lsh"
"14116","_ސ쌧","ls"
"14117","_ސ쌧","lst"
"14118","_ސ쌧","lss}"
"14131","_ސ쌧","s"
"14132","_ސ쌧","sK"
"14133","_ސ쌧","s"
"14134","_ސ쌧","sË"
"14135","_ސ쌧","s"
"14136","_ސ쌧","s{O"
"14137","_ސ쌧","s"
"14150","_ސ쌧","͌s"
"14151","_ސ쌧","͌s΋"
"14152","_ސ쌧","͌s"
"14153","_ސ쌧","͌s"
"14201","_ސ쌧","{s"
"14203","_ސ쌧","ˎs"
"14204","_ސ쌧","qs"
"14205","_ސ쌧","s"
"14206","_ސ쌧","cs"
"14207","_ސ쌧","s"
"14208","_ސ쌧","qs"
"14210","_ސ쌧","OYs"
"14211","_ސ쌧","`s"
"14212","_ސ쌧","؎s"
"14213","_ސ쌧","as"
"14214","_ސ쌧","ɐs"
"14215","_ސ쌧","CVs"
"14216","_ސ쌧","Ԏs"
"14217","_ސ쌧","쑫s"
"14218","_ސ쌧","s"
"14301","_ސ쌧","tR"
"14321","_ސ쌧","쒬"
"14341","_ސ쌧","钬"
"14342","_ސ쌧","{"
"14361","_ސ쌧","䒬"
"14362","_ސ쌧","䒬"
"14363","_ސ쌧","c"
"14364","_ސ쌧","Rk"
"14366","_ސ쌧","J"
"14382","_ސ쌧",""
"14383","_ސ쌧","^ߒ"
"14384","_ސ쌧","͌"
"14401","_ސ쌧","쒬"
"14402","_ސ쌧","쑺"
"11","ʌ","ʌS"
"11101","ʌ","܎s"
"11102","ʌ","܎sk"
"11103","ʌ","܎s{"
"11104","ʌ","܎s"
"11105","ʌ","܎s"
"11106","ʌ","܎s"
"11107","ʌ","܎sYa"
"11108","ʌ","܎s"
"11109","ʌ","܎s΋"
"11201","ʌ","zs"
"11202","ʌ","FJs"
"11203","ʌ","s"
"11206","ʌ","scs"
"11207","ʌ","s"
"11208","ʌ","s"
"11209","ʌ","є\s"
"11210","ʌ","{s"
"11211","ʌ","{s"
"11212","ʌ","Rs"
"11214","ʌ","ts"
"11215","ʌ","Rs"
"11216","ʌ","Hs"
"11217","ʌ","s"
"11218","ʌ","[Js"
"11219","ʌ","s"
"11221","ʌ","s"
"11222","ʌ","zJs"
"11223","ʌ","ns"
"11224","ʌ","˓cs"
"11225","ʌ","Ԏs"
"11226","ʌ","siJsj"
"11227","ʌ","s"
"11228","ʌ","u؎s"
"11229","ʌ","as"
"11230","ʌ","Vs"
"11231","ʌ","s"
"11232","ʌ","vs"
"11233","ʌ","k{s"
"11234","ʌ","s"
"11235","ʌ","xms"
"11237","ʌ","Os"
"11238","ʌ","@cs"
"11239","ʌ","ˎs"
"11240","ʌ","Ks"
"11241","ʌ","߃s"
"11242","ʌ","s"
"11243","ʌ","gs"
"11301","ʌ","ɓޒ"
"11324","ʌ","OF"
"11326","ʌ","јCR"
"11327","ʌ","z"
"11341","ʌ","쒬"
"11342","ʌ","R"
"11343","ʌ","쒬"
"11346","ʌ","쓇"
"11347","ʌ","g"
"11348","ʌ","R"
"11361","ʌ",""
"11362","ʌ","F쒬"
"11363","ʌ","Ғ"
"11365","ʌ","쒬"
"11369","ʌ",""
"11381","ʌ",""
"11383","ʌ","_쒬"
"11385","ʌ","㗢"
"11402","ʌ","]쒬"
"11408","ʌ","񋏒"
"11442","ʌ","{㒬"
"11445","ʌ","s"
"11464","ʌ","˒"
"11465","ʌ",""
"11471","ʌ","܎s΋"
"11472","ʌ","ӂݖs"
"11473","ʌ","Ƃ풬"
"12","t","tS"
"12101","t","ts"
"12102","t","tsԌ"
"12103","t","tsы"
"12104","t","tst"
"12105","t","ts΋"
"12106","t","tsl"
"12202","t","qs"
"12203","t","ss"
"12204","t","Ds"
"12205","t","َRs"
"12206","t","؍XÎs"
"12207","t","ˎs"
"12208","t","cs"
"12210","t","Όs"
"12211","t","cs"
"12212","t","qs"
"12213","t","s"
"12215","t","s"
"12216","t","Kus"
"12217","t","s"
"12218","t","Ys"
"12219","t","ss"
"12220","t","Rs"
"12221","t","s"
"12222","t","䑷qs"
"12223","t","s"
"12224","t","Js"
"12225","t","NÎs"
"12226","t","xÎs"
"12227","t","Ys"
"12228","t","lXs"
"12229","t","Ys"
"12230","t","Xs"
"12231","t","󐼎s"
"12232","t","s"
"12233","t","xs"
"12322","t","X䒬"
"12329","t","h"
"12342","t","_蒬"
"12347","t","Ò"
"12349","t",""
"12402","t","Ԕs"
"12403","t","\㗢"
"12409","t","ŎR"
"12421","t","{"
"12422","t","r"
"12423","t",""
"12424","t","q"
"12426","t",""
"12427","t","쒬"
"12441","t","命쒬"
"12443","t","h"
"12463","t","쒬"
"12473","t","[s"
"12474","t","xs"
"12475","t","s"
"12476","t","Rs"
"12477","t","ݎs"
"12478","t","Ō"
"10","Qn","QnS"
"10201","Qn","Os"
"10202","Qn","s"
"10203","Qn","ːs"
"10204","Qn","ɐs"
"10205","Qn","cs"
"10206","Qn","cs"
"10207","Qn","ٗюs"
"10208","Qn","as"
"10209","Qn","s"
"10210","Qn","xs"
"10211","Qn","s"
"10344","Qn","Y"
"10345","Qn","g"
"10366","Qn","쑺"
"10367","Qn","_"
"10382","Qn","mc"
"10383","Qn","q"
"10384","Qn","Êy"
"10421","Qn","V"
"10424","Qn","쌴"
"10425","Qn","ڗ"
"10426","Qn","Ò"
"10428","Qn","R"
"10443","Qn","Еi"
"10444","Qn","ꑺ"
"10448","Qn","a"
"10464","Qn","ʑ"
"10521","Qn","q"
"10522","Qn","a"
"10523","Qn","c"
"10524","Qn",""
"10526","Qn","݂ǂs"
"10527","Qn","Ȓ"
"10528","Qn","݂Ȃݒ"
"10529","Qn","Wy"
"8","錧","錧S"
"8201","錧","ˎs"
"8202","錧","s"
"8203","錧","yYs"
"8204","錧","É͎s"
"8205","錧","Ήs"
"8207","錧","s"
"8208","錧","s"
"8210","錧","Ȏs"
"8212","錧","헤cs"
"8214","錧","s"
"8215","錧","ks"
"8216","錧","}Ԏs"
"8217","錧","s"
"8219","錧","vs"
"8220","錧","Ύs"
"8221","錧","ЂȂs"
"8222","錧","s"
"8223","錧","s"
"8224","錧","Js"
"8302","錧","钬"
"8309","錧",""
"8341","錧","C"
"8364","錧","q"
"8442","錧","Y"
"8443","錧",""
"8447","錧","͓"
"8521","錧","㒬"
"8542","錧","܉"
"8546","錧",""
"8564","錧",""
"8565","錧","푍s"
"8566","錧","헤{s"
"8567","錧","߉ώs"
"8568","錧","}s"
"8569","錧","Ⓦs"
"8570","錧","~s"
"8571","錧","݂s"
"8572","錧","s"
"8573","錧","_s"
"8574","錧","ss"
"8575","錧","gcs"
"8576","錧","΂݂炢s"
"8577","錧","ʎs"
"8578","錧","闢"
"9","Ȗ،","Ȗ،S"
"9201","Ȗ،","Fs{s"
"9202","Ȗ،","s"
"9203","Ȗ،","Ȗ؎s"
"9204","Ȗ،","s"
"9205","Ȗ،","s"
"9206","Ȗ،","s"
"9208","Ȗ،","Rs"
"9209","Ȗ،","^s"
"9210","Ȗ،","cs"
"9211","Ȗ،","s"
"9301","Ȗ،","O쒬"
"9321","Ȗ،",""
"9342","Ȗ،","vq"
"9343","Ȗ،","Ζؒ"
"9344","Ȗ،","sL"
"9345","Ȗ،","F꒬"
"9361","Ȗ،","p"
"9364","Ȗ،","ؒ"
"9384","Ȗ،","J"
"9386","Ȗ،",""
"9407","Ȗ،","ߐ{"
"9423","Ȗ،","ߐ{s"
"9424","Ȗ،","s"
"9425","Ȗ،","ߐ{GRs"
"9426","Ȗ،","s"
"9427","Ȗ،","߉ϐ쒬"
"15","V","VS"
"15202","V","s"
"15204","V","Os"
"15205","V","s"
"15206","V","Vcs"
"15208","V","Js"
"15209","V","Ύs"
"15210","V","\s"
"15211","V","s"
"15212","V","s"
"15213","V","s"
"15216","V","s"
"15218","V","ܐs"
"15222","V","zs"
"15223","V","s"
"15224","V","ns"
"15225","V","s"
"15307","V","Ē"
"15342","V","F"
"15361","V","c㒬"
"15405","V","o_蒬"
"15461","V",""
"15482","V","Ó쒬"
"15504","V","H"
"15581","V","֐쑺"
"15586","V","Y"
"15601","V","Vsk"
"15602","V","Vs"
"15603","V","Vs"
"15604","V","Vs]"
"15605","V","VsHt"
"15606","V","Vs"
"15607","V","Vs"
"15608","V","Vs"
"15609","V","s"
"15610","V","싛s"
"15611","V","ٓs"
"15612","V","꒬"
"16","xR","xRS"
"16201","xR","xRs"
"16202","xR","s"
"16204","xR","Îs"
"16205","xR","Xs"
"16206","xR","s"
"16207","xR","s"
"16208","xR","vgs"
"16209","xR","s"
"16321","xR","M"
"16322","xR","s"
"16323","xR","R"
"16342","xR","P"
"16343","xR",""
"16423","xR","vs"
"16424","xR","ːs"
"17","ΐ쌧","ΐ쌧S"
"17201","ΐ쌧","s"
"17202","ΐ쌧","s"
"17203","ΐ쌧","s"
"17204","ΐ쌧","֓s"
"17205","ΐ쌧","Fs"
"17206","ΐ쌧","s"
"17207","ΐ쌧","Hs"
"17209","ΐ쌧","قs"
"17212","ΐ쌧","Xss"
"17324","ΐ쌧","k"
"17361","ΐ쌧","Ô"
"17365","ΐ쌧","咬"
"17384","ΐ쌧","u꒬"
"17421","ΐ쌧",""
"17442","ΐ쌧","Rs"
"17443","ΐ쌧","\s"
"17444","ΐ쌧","Bu"
"17445","ΐ쌧","\o"
"17446","ΐ쌧","\o"
"18","䌧","䌧S"
"18201","䌧","s"
"18202","䌧","։s"
"18204","䌧","ls"
"18205","䌧","s"
"18206","䌧","Rs"
"18207","䌧","I]s"
"18208","䌧","s"
"18322","䌧","i"
"18382","䌧","rc"
"18423","䌧","zO"
"18442","䌧","l"
"18481","䌧","l"
"18483","䌧","zOs"
"18484","䌧","s"
"18485","䌧","zO"
"18486","䌧",""
"18487","䌧","ዷ"
"19","R","RS"
"19201","R","b{s"
"19202","R","xmgcs"
"19204","R","ss"
"19205","R","Rs"
"19206","R","匎s"
"19207","R","Bs"
"19208","R","AvXs"
"19209","R","kms"
"19364","R","쒬"
"19365","R","g"
"19366","R","암"
"19368","R","싐Sxm쒬"
"19384","R","a"
"19422","R","u"
"19423","R","j"
"19424","R","E쑺"
"19425","R","RΑ"
"19429","R",""
"19430","R","xm͌Β"
"19442","R",""
"19443","R","OgR"
"19444","R","bs"
"19445","R","Js"
"19446","R","쌴s"
"19447","R","bBs"
"19448","R","s"
"19449","R","sO"
"20","쌧","쌧S"
"20201","쌧","s"
"20202","쌧","{s"
"20203","쌧","cs"
"20204","쌧","Js"
"20205","쌧","ѓcs"
"20206","쌧","zKs"
"20207","쌧","{s"
"20208","쌧","s"
"20209","쌧","ɓߎs"
"20210","쌧","s"
"20211","쌧","s"
"20212","쌧","咬s"
"20213","쌧","юRs"
"20214","쌧","s"
"20215","쌧","Ks"
"20217","쌧","vs"
"20218","쌧","Ȏs"
"20219","쌧","s"
"20303","쌧","C"
"20304","쌧","㑺"
"20305","쌧","q"
"20306","쌧","쑊ؑ"
"20307","쌧","kؑ"
"20321","쌧","y"
"20323","쌧","c"
"20324","쌧","Ȓ"
"20349","쌧","ؑ"
"20361","쌧","zK"
"20362","쌧","xm"
"20363","쌧",""
"20382","쌧","C쒬"
"20383","쌧","֒"
"20384","쌧","ѓ"
"20385","쌧","얥֑"
"20386","쌧","쑺"
"20388","쌧","{c"
"20402","쌧","쒬"
"20403","쌧","X"
"20404","쌧","쒬"
"20407","쌧","q"
"20409","쌧","J"
"20410","쌧","H"
"20411","쌧",""
"20412","쌧","ؑ"
"20413","쌧","V"
"20414","쌧","ו"
"20415","쌧","ؑ"
"20416","쌧","Lu"
"20417","쌧","厭"
"20422","쌧","㏼"
"20423","쌧","ؑ]"
"20425","쌧","ؑc"
"20429","쌧","ꑺ"
"20430","쌧","K"
"20446","쌧","ё"
"20448","쌧","⑺"
"20450","쌧","R`"
"20451","쌧",""
"20481","쌧","rc"
"20482","쌧","쑺"
"20485","쌧","n"
"20486","쌧","J"
"20521","쌧","钬"
"20541","쌧","z{"
"20543","쌧","R"
"20561","쌧","Rm"
"20562","쌧","ؓ"
"20563","쌧","򉷐"
"20583","쌧","MZ"
"20588","쌧","쑺"
"20602","쌧","h"
"20603","쌧","ܖs"
"20604","쌧","v䒬"
"20605","쌧","a"
"20606","쌧","ؑ]"
"20607","쌧","}k"
"20608","쌧","эj"
"21","򕌌","򕌌S"
"21201","򕌌","򕌎s"
"21202","򕌌","_s"
"21203","򕌌","Rs"
"21204","򕌌","s"
"21205","򕌌","֎s"
"21206","򕌌","Ðs"
"21207","򕌌","Zs"
"21208","򕌌","Qs"
"21209","򕌌","Hs"
"21210","򕌌","bߎs"
"21211","򕌌","ZΎs"
"21212","򕌌","ys"
"21213","򕌌","es"
"21214","򕌌","s"
"21215","򕌌","Rs"
"21216","򕌌","s"
"21217","򕌌","ˎs"
"21218","򕌌","{s"
"21219","򕌌","Ss"
"21220","򕌌","Cs"
"21302","򕌌","쒬"
"21303","򕌌","}"
"21341","򕌌","{V"
"21361","򕌌","䒬"
"21362","򕌌","փP"
"21381","򕌌","_˒"
"21382","򕌌","֔V"
"21383","򕌌",""
"21401","򕌌","K쒬"
"21403","򕌌","쒬"
"21404","򕌌","rc"
"21421","򕌌","k"
"21501","򕌌","j"
"21502","򕌌","x"
"21503","򕌌","Ӓ"
"21504","򕌌","@"
"21505","򕌌","SÒ"
"21506","򕌌","쒬"
"21507","򕌌","쑺"
"21521","򕌌","䐓"
"21604","򕌌","쑺"
"21627","򕌌","CÎs"
"22","É","ÉS"
"22203","É","Îs"
"22205","É","MCs"
"22206","É","Os"
"22207","É","xm{s"
"22208","É","ɓs"
"22209","É","cs"
"22210","É","xms"
"22211","É","֓cs"
"22212","É","ĒÎs"
"22213","É","|s"
"22214","É","}s"
"22215","É","as"
"22216","É","܈s"
"22219","É","cs"
"22220","É","s"
"22221","É","ΐs"
"22222","É","ɓs"
"22223","É","Os"
"22301","É","ɓ"
"22302","É","͒Ò"
"22304","É","ɓ"
"22305","É","蒬"
"22306","É","ɓ"
"22325","É","쒬"
"22341","É",""
"22342","É",""
"22344","É","R"
"22424","É","gc"
"22461","É","X"
"22524","É","És"
"22525","É","Ésx͋"
"22526","É","És"
"22527","É","ls"
"22528","É","ls"
"22529","É","ls"
"22530","É","ls"
"22531","É","lsk"
"22532","É","lslk"
"22533","É","lsV"
"22534","É","es"
"22535","É","ɓ̍s"
"22536","É","qVs"
"22537","É","썪{"
"23","m","mS"
"23101","m","És"
"23102","m","És"
"23103","m","Ésk"
"23104","m","És"
"23105","m","És"
"23106","m","És"
"23107","m","Ésa"
"23108","m","És"
"23109","m","ÉsMc"
"23110","m","És"
"23111","m","És`"
"23112","m","És"
"23113","m","ÉsR"
"23114","m","És΋"
"23115","m","És"
"23116","m","ÉsV"
"23201","m","Ls"
"23202","m","s"
"23203","m","{s"
"23204","m","ˎs"
"23205","m","cs"
"23206","m","ts"
"23207","m","Ls"
"23208","m","Ós"
"23209","m","ɓs"
"23210","m","Js"
"23211","m","Lcs"
"23212","m","s"
"23213","m","s"
"23214","m","Ss"
"23215","m","Rs"
"23216","m","튊s"
"23217","m","]s"
"23219","m","qs"
"23220","m","s"
"23221","m","Vs"
"23222","m","Cs"
"23223","m","{s"
"23224","m","ms"
"23225","m","ms"
"23226","m","s"
"23227","m","ls"
"23228","m","qs"
"23229","m","Ls"
"23230","m","is"
"23231","m","cs"
"23232","m","s"
"23233","m","{s"
"23234","m","kÉs"
"23235","m","xs"
"23236","m","݂悵s"
"23237","m","܎s"
"23238","m","vs"
"23302","m",""
"23342","m","LR"
"23361","m",""
"23362","m","}K"
"23424","m","厡"
"23425","m","I]"
"23427","m","򓇑"
"23441","m","v䒬"
"23442","m","Y"
"23445","m","m"
"23446","m","l"
"23447","m","L"
"23481","m","F"
"23482","m","gǒ"
"23483","m",""
"23501","m","Kc"
"23561","m","݊y"
"23562","m","h"
"23563","m","L"
"24","Od","OdS"
"24201","Od","Îs"
"24202","Od","lss"
"24203","Od","ɐs"
"24204","Od","s"
"24205","Od","Ks"
"24207","Od","鎭s"
"24208","Od","s"
"24209","Od","hs"
"24210","Od","TRs"
"24211","Od","Hs"
"24212","Od","Fs"
"24214","Od","Ȃ׎s"
"24303","Od","ؑ]"
"24324","Od",""
"24341","Od","Ԗ쒬"
"24343","Od",""
"24344","Od","z"
"24441","Od","C"
"24442","Od","a"
"24443","Od","䒬"
"24461","Od","ʏ钬"
"24470","Od","x"
"24561","Od","l"
"24562","Od","I"
"24565","Od","us"
"24566","Od","ɉs"
"24567","Od","I"
"24568","Od","ɐ"
"24569","Od","Ik"
"25","ꌧ","ꌧS"
"25201","ꌧ","Îs"
"25202","ꌧ","Fs"
"25203","ꌧ","ls"
"25204","ꌧ","ߍ]s"
"25206","ꌧ","Îs"
"25207","ꌧ","Rs"
"25208","ꌧ","Is"
"25209","ꌧ","bs"
"25383","ꌧ","쒬"
"25384","ꌧ",""
"25441","ꌧ","L"
"25442","ꌧ","bǒ"
"25443","ꌧ","꒬"
"25527","ꌧ","Fs"
"25528","ꌧ","Γs"
"25529","ꌧ","s"
"25530","ꌧ","ߍ]s"
"25531","ꌧ","Čs"
"25532","ꌧ",""
"26","s{","s{S"
"26101","s{","ssk"
"26102","s{","ss㋞"
"26103","s{","ss"
"26104","s{","ss"
"26105","s{","ssR"
"26106","s{","ss"
"26107","s{","ss"
"26108","s{","ssE"
"26109","s{","ss"
"26110","s{","ssRȋ"
"26111","s{","ss"
"26201","s{","mRs"
"26202","s{","ߎs"
"26203","s{","s"
"26204","s{","Fs"
"26205","s{","{Îs"
"26206","s{","Ts"
"26207","s{","zs"
"26208","s{","s"
"26209","s{","s"
"26210","s{","s"
"26211","s{","cӎs"
"26212","s{","Os"
"26214","s{","ؒÐs"
"26303","s{","R蒬"
"26322","s{","vR"
"26343","s{","蒬"
"26344","s{","Fc"
"26364","s{","}u"
"26365","s{","a"
"26366","s{","ؒ"
"26367","s{","R鑺"
"26463","s{","ɍ"
"26522","s{","Os"
"26523","s{","ؒÐs"
"26524","s{","Og"
"26525","s{","^Ӗ쒬"
"27","{","{S"
"27102","{","ss"
"27103","{","s"
"27104","{","sԋ"
"27106","{","s"
"27107","{","s`"
"27108","{","s吳"
"27109","{","sV"
"27111","{","sQ"
"27113","{","s"
"27114","{","s"
"27115","{","s"
"27116","{","s"
"27117","{","s"
"27118","{","s铌"
"27119","{","s{"
"27120","{","sZg"
"27121","{","sZg"
"27122","{","s"
"27123","{","s"
"27124","{","sߌ"
"27125","{","sZV]"
"27126","{","s"
"27127","{","sk"
"27128","{","s"
"27202","{","ݘacs"
"27203","{","Ls"
"27204","{","rcs"
"27205","{","cs"
"27206","{","Îs"
"27207","{","Ύs"
"27208","{","Lˎs"
"27209","{","s"
"27210","{","s"
"27211","{","؎s"
"27212","{","s"
"27213","{","򍲖s"
"27214","{","xcюs"
"27215","{","Qs"
"27216","{","͓s"
"27217","{","s"
"27218","{","哌s"
"27219","{","as"
"27220","{","ʎs"
"27221","{","s"
"27222","{","Hgs"
"27223","{","^s"
"27224","{","ےÎs"
"27225","{","Ύs"
"27226","{","䎛s"
"27227","{","s"
"27228","{","s"
"27229","{","ls"
"27230","{","s"
"27231","{","㋷Rs"
"27232","{","s"
"27301","{","{"
"27321","{","L\"
"27322","{","\"
"27341","{",""
"27361","{","F撬"
"27362","{","cK"
"27366","{",""
"27381","{","q"
"27382","{","͓쒬"
"27383","{","瑁ԍ㑺"
"27386","{","s"
"27387","{","s"
"27388","{","s"
"27389","{","s"
"27390","{","s"
"27391","{","sk"
"27392","{","s"
"28","Ɍ","ɌS"
"28100","Ɍ","_ˎs"
"28101","Ɍ","_ˎs"
"28102","Ɍ","_ˎs"
"28105","Ɍ","_ˎsɋ"
"28106","Ɍ","_ˎsc"
"28107","Ɍ","_ˎs{"
"28108","Ɍ","_ˎs"
"28109","Ɍ","_ˎsk"
"28110","Ɍ","_ˎs"
"28111","Ɍ","_ˎs"
"28201","Ɍ","PHs"
"28202","Ɍ","s"
"28203","Ɍ","Ύs"
"28204","Ɍ","{s"
"28205","Ɍ","F{s"
"28206","Ɍ","s"
"28207","Ɍ","ɒOs"
"28208","Ɍ","s"
"28209","Ɍ","Ls"
"28210","Ɍ","Ðs"
"28212","Ɍ","ԕs"
"28213","Ɍ","es"
"28214","Ɍ","ˎs"
"28215","Ɍ","O؎s"
"28216","Ɍ","s"
"28217","Ɍ","쐼s"
"28218","Ɍ","s"
"28219","Ɍ","Ocs"
"28220","Ɍ","s"
"28221","Ɍ","Rs"
"28222","Ɍ","{s"
"28301","Ɍ","쒬"
"28381","Ɍ",""
"28382","Ɍ","d"
"28442","Ɍ","s쒬"
"28443","Ɍ","蒬"
"28464","Ɍ","q"
"28481","Ɍ","S"
"28501","Ɍ","p"
"28705","Ɍ","Ogs"
"28706","Ɍ","삠킶s"
"28707","Ɍ","s"
"28708","Ɍ","WHs"
"28709","Ɍ","s"
"28710","Ɍ","s"
"28711","Ɍ","̎s"
"28712","Ɍ",""
"28713","Ɍ","_͒"
"28714","Ɍ",""
"28715","Ɍ","V"
"29","ޗǌ","ޗǌS"
"29201","ޗǌ","ޗǎs"
"29202","ޗǌ","acs"
"29203","ޗǌ","aSRs"
"29204","ޗǌ","Vs"
"29205","ޗǌ","s"
"29206","ޗǌ","s"
"29207","ޗǌ","ܞs"
"29208","ޗǌ","䏊s"
"29209","ޗǌ","s"
"29210","ޗǌ","Ŏs"
"29322","ޗǌ","RY"
"29342","ޗǌ","Q"
"29343","ޗǌ","O"
"29344","ޗǌ",""
"29345","ޗǌ","g"
"29361","ޗǌ","쐼"
"29362","ޗǌ","O"
"29363","ޗǌ","c{"
"29385","ޗǌ","]"
"29386","ޗǌ",""
"29401","ޗǌ","撬"
"29402","ޗǌ",""
"29424","ޗǌ","q"
"29425","ޗǌ",""
"29426","ޗǌ","L˒"
"29427","ޗǌ","͍"
"29441","ޗǌ","g쒬"
"29442","ޗǌ","嗄"
"29443","ޗǌ","s"
"29444","ޗǌ","ꑺ"
"29446","ޗǌ","V쑺"
"29447","ޗǌ","씗쑺"
"29449","ޗǌ","\Ð쑺"
"29450","ޗǌ","kR"
"29451","ޗǌ","kR"
"29452","ޗǌ","㑺"
"29453","ޗǌ","g쑺"
"29454","ޗǌ","s"
"29455","ޗǌ","FɎs"
"30","a̎R","a̎RS"
"30201","a̎R","a̎Rs"
"30202","a̎R","Cs"
"30203","a̎R","{s"
"30204","a̎R","Lcs"
"30205","a̎R","Vs"
"30206","a̎R","cӎs"
"30207","a̎R","V{s"
"30341","a̎R","炬"
"30343","a̎R","xR"
"30344","a̎R","쒬"
"30361","a̎R",""
"30362","a̎R","L쒬"
"30381","a̎R","l"
"30382","a̎R",""
"30383","a̎R","Rǒ"
"30390","a̎R","쒬"
"30401","a̎R","l"
"30404","a̎R","xc"
"30406","a̎R","ݒ"
"30407","a̎R","{"
"30421","a̎R","ߒqY"
"30422","a̎R","n"
"30424","a̎R","Í쒬"
"30427","a̎R","kR"
"30428","a̎R","I̐s"
"30429","a̎R","os"
"30430","a̎R","I쒬"
"30431","a̎R","Lc쒬"
"30432","a̎R","݂Ȃג"
"30433","a̎R","쒬"
"31","挧","挧S"
"31201","挧","s"
"31202","挧","Ďqs"
"31203","挧","qgs"
"31204","挧","`s"
"31302","挧",""
"31325","挧",""
"31328","挧","q"
"31364","挧","O"
"31384","挧","gÑ"
"31386","挧","R"
"31401","挧","쒬"
"31402","挧","쒬"
"31403","挧","]{"
"31405","挧",""
"31406","挧","l"
"31407","挧","ՉY"
"31408","挧","kh"
"31409","挧","암"
"31410","挧","˒"
"32","","S"
"32201","","]s"
"32202","","lcs"
"32203","","o_s"
"32204","","vcs"
"32205","","cs"
"32206","","s"
"32207","","]Îs"
"32304","","o_"
"32401","","쒬"
"32441","","{"
"32501","","Øa쒬"
"32525","","Cm"
"32526","","m"
"32527","","mv"
"32528","","_s"
"32529","","o_"
"32530","","ѓ쒬"
"32531","",""
"32532","","W쒬"
"32533","","g꒬"
"32534","","B̓"
"33","R","RS"
"33100","R","Rs"
"33101","R","Rsk"
"33102","R","Rs"
"33103","R","Rs"
"33104","R","Rs"
"33202","R","q~s"
"33203","R","ÎRs"
"33204","R","ʖs"
"33205","R","}s"
"33207","R","䌴s"
"33208","R","Ўs"
"33209","R","s"
"33210","R","Vs"
"33211","R","Os"
"33346","R","aC"
"33423","R",""
"33445","R",""
"33461","R","|"
"33586","R","V"
"33606","R","쒬"
"33622","R",""
"33623","R","ދ`"
"33643","R","q"
"33663","R","vē쒬"
"33666","R","˓s"
"33667","R","Ԕ֎s"
"33668","R","^s"
"33669","R","s"
"33670","R","s"
"33671","R","璬"
"33672","R","g"
"34","L","LS"
"34101","L","Ls"
"34102","L","Ls"
"34103","L","Ls"
"34104","L","Ls"
"34105","L","Ls"
"34106","L","Lsk"
"34107","L","Ls|"
"34108","L","Ls"
"34202","L","s"
"34203","L","|s"
"34204","L","Os"
"34205","L","s"
"34207","L","Rs"
"34208","L","{s"
"34209","L","Os"
"34210","L","s"
"34211","L","|s"
"34212","L","Ls"
"34213","L","ss"
"34214","L","|cs"
"34302","L","{"
"34304","L","Cc"
"34307","L","F쒬"
"34309","L","⒬"
"34431","L","㓇"
"34462","L",""
"34606","L","]cs"
"34607","L","|c"
"34608","L","kL"
"34609","L","_΍"
"35","R","RS"
"35201","R","֎s"
"35202","R","Fs"
"35203","R","Rs"
"35204","R","s"
"35206","R","h{s"
"35207","R","s"
"35208","R","⍑s"
"35210","R","s"
"35211","R","s"
"35212","R","s"
"35213","R","Is"
"35215","R","s"
"35321","R","aؒ"
"35341","R","֒"
"35343","R","cz{"
"35344","R",""
"35502","R",""
"35509","R","Rzcs"
"35510","R","h哇"
"36","","S"
"36201","","s"
"36202","","s"
"36203","","s"
"36204","","s"
"36205","","gs"
"36301","","Y"
"36302","","㏟"
"36321","","߉͓"
"36341","","Έ䒬"
"36342","","_R"
"36383","",""
"36401","","Β"
"36402","","k"
"36403","","Z"
"36404","","쒬"
"36405","",""
"36489","","gs"
"36490","","ns"
"36491","","ODs"
"36492","","߉꒬"
"36493","","g"
"36494","","Cz"
"36495","","邬"
"36496","","݂悵"
"37","쌧","쌧S"
"37201","쌧","s"
"37202","쌧","ۋTs"
"37203","쌧","os"
"37204","쌧","Pʎs"
"37205","쌧","ωs"
"37206","쌧","ʂs"
"37207","쌧","s"
"37322","쌧","y"
"37341","쌧","Oؒ"
"37364","쌧",""
"37386","쌧","FÒ"
"37403","쌧","Օ"
"37404","쌧","xÒ"
"37430","쌧","OLs"
"37431","쌧",""
"37432","쌧","쒬"
"37433","쌧","܂̂"
"38","Q","QS"
"38201","Q","Rs"
"38202","Q","s"
"38203","Q","Fas"
"38204","Q","ls"
"38205","Q","Vls"
"38206","Q","s"
"38207","Q","Fs"
"38210","Q","ɗ\s"
"38213","Q","ls"
"38214","Q","\s"
"38401","Q","O"
"38402","Q","u"
"38422","Q","q"
"38442","Q","ɕ"
"38484","Q","쒬"
"38506","Q","쒬"
"38507","Q","s"
"38508","Q","㓇"
"38509","Q","v"
"38510","Q","Sk"
"39","m","mS"
"39201","m","ms"
"39202","m","ˎs"
"39203","m","|s"
"39204","m","썑s"
"39205","m","ys"
"39206","m","{s"
"39208","m","hюs"
"39209","m","ys"
"39301","m","m"
"39302","m","ޔ"
"39303","m","c쒬"
"39304","m","c"
"39305","m","k쑺"
"39306","m","nH"
"39307","m","|"
"39341","m","{R"
"39344","m","L"
"39363","m","y"
"39364","m","쑺"
"39401","m","y"
"39402","m","쒬"
"39403","m","zm"
"39410","m",""
"39424","m","匎"
"39427","m","O"
"39428","m","l\s"
"39429","m","s"
"39430","m","s"
"39431","m","̒"
"39432","m","m쒬"
"39433","m",""
"39434","m","Ö쒬"
"39435","m","l\"
"39436","m",""
"40","","S"
"40100","","kBs"
"40101","","kBsi"
"40103","","kBsᏼ"
"40105","","kBs˔"
"40106","","kBsqk"
"40107","","kBsq"
"40108","","kBs"
"40109","","kBs"
"40131","","s"
"40132","","s"
"40133","","s"
"40134","","s"
"40135","","s"
"40136","","s"
"40137","","sǋ"
"40202","","喴cs"
"40203","","vĎs"
"40204","","s"
"40205","","ђˎs"
"40206","","cs"
"40207","","s"
"40210","","s"
"40211","","}s"
"40212","","s"
"40213","","ss"
"40214","","LOs"
"40215","","Ԏs"
"40216","","Ss"
"40217","","}s"
"40218","","ts"
"40219","","s"
"40220","","@s"
"40221","","ɕ{s"
"40223","","És"
"40230","","s"
"40305","","߉ϐs"
"40341","","F"
"40342","","I"
"40343","","uƒ"
"40344","","{b"
"40345","","V{"
"40348","","vR"
"40349","",""
"40381","",""
"40382","",""
"40383","","_"
"40384","","꒬"
"40401","","|"
"40402","","Ǝ蒬"
"40421","","j쒬"
"40503","","品"
"40522","","ؒ"
"40544","","L쒬"
"40601","","t"
"40602","","Yc"
"40604","","c"
"40605","","蒬"
"40608","","C"
"40609","","ԑ"
"40621","","c"
"40642","","gx"
"40646","","Îs"
"40647","","͎s"
"40648","","{s"
"40649","","Ös"
"40650","","qs"
"40651","","݂܎s"
"40652","","}O"
"40653","",""
"40654","","q"
"40655","","݂₱"
"40656","","ђ"
"40657","","z㒬"
"41","ꌧ","ꌧS"
"41201","ꌧ","s"
"41202","ꌧ","Îs"
"41203","ꌧ","s"
"41204","ꌧ","vs"
"41205","ꌧ","ɖs"
"41206","ꌧ","Ys"
"41207","ꌧ","s"
"41341","ꌧ","R"
"41345","ꌧ",""
"41387","ꌧ","C"
"41401","ꌧ","Lc"
"41423","ꌧ","咬"
"41424","ꌧ","]k"
"41425","ꌧ","Β"
"41441","ꌧ","ǒ"
"41444","ꌧ","s"
"41445","ꌧ","s"
"41446","ꌧ","_s"
"41447","ꌧ","g샖"
"41448","ꌧ","݂₫"
"42","茧","茧S"
"42201","茧","s"
"42202","茧","ێs"
"42203","茧","s"
"42204","茧","|s"
"42205","茧","呺s"
"42207","茧","ˎs"
"42208","茧","Ys"
"42209","茧","Δns"
"42210","茧","s"
"42211","茧","ܓs"
"42307","茧","^"
"42308","茧","Ò"
"42321","茧","ދn"
"42322","茧","I"
"42323","茧","g"
"42383","茧","l꒬"
"42391","茧","X"
"42411","茧","Vܓ"
"42441","茧","Cs"
"42442","茧","_s"
"42443","茧","쓇s"
"43","F{","F{S"
"43102","F{","F{s"
"43103","F{","F{s"
"43104","F{","F{s"
"43105","F{","F{sk"
"43201","F{","F{s"
"43202","F{","s"
"43203","F{","lgs"
"43204","F{","rs"
"43205","F{","s"
"43206","F{","ʖs"
"43208","F{","Rs"
"43210","F{","ers"
"43211","F{","Fys"
"43212","F{","Vs"
"43364","F{","ʓ"
"43367","F{","֒"
"43368","F{","F"
"43403","F{","Ò"
"43404","F{","ez"
"43423","F{","쏬"
"43424","F{",""
"43425","F{","YR"
"43428","F{","X"
"43432","F{",""
"43441","F{","D"
"43442","F{","Ó"
"43443","F{","v钬"
"43444","F{","b"
"43482","F{","k"
"43484","F{","Óޖؒ"
"43501","F{","ђ"
"43505","F{","ǖؒ"
"43506","F{","O"
"43507","F{","㑺"
"43510","F{","Ǒ"
"43511","F{","ܖؑ"
"43512","F{","R]"
"43513","F{",""
"43514","F{","蒬"
"43531","F{","k"
"43534","F{","Fs"
"43535","F{","hs"
"43536","F{","Vs"
"43537","F{","us"
"43538","F{",""
"43539","F{","a"
"43540","F{","숢h"
"43541","F{","Rs"
"43542","F{","X쒬"
"44","啪","啪S"
"44201","啪","啪s"
"44202","啪","ʕ{s"
"44203","啪","Îs"
"44204","啪","cs"
"44205","啪","s"
"44206","啪","Pns"
"44207","啪","Ëvs"
"44208","啪","|cs"
"44209","啪","L㍂cs"
"44210","啪","nzs"
"44211","啪","Fs"
"44322","啪","P"
"44341","啪","o"
"44461","啪","d"
"44462","啪","쒬"
"44523","啪","Ls"
"44524","啪","Rzs"
"44525","啪","s"
"45","{茧","{茧S"
"45201","{茧","{s"
"45202","{茧","ss"
"45203","{茧","s"
"45204","{茧","s"
"45205","{茧","юs"
"45206","{茧","s"
"45207","{茧","Ԏs"
"45208","{茧","ss"
"45209","{茧","т̎s"
"45341","{茧","OҒ"
"45361","{茧",""
"45382","{茧","x"
"45383","{茧",""
"45401","{茧","璬"
"45402","{茧","Vx"
"45403","{茧","ėǑ"
"45404","{茧","؏钬"
"45405","{茧","쒬"
"45406","{茧","s_"
"45421","{茧","쒬"
"45429","{茧","ˑ"
"45430","{茧","ŗt"
"45441","{茧","䒬"
"45442","{茧","Ve"
"45443","{茧","܃"
"45444","{茧",""
"46","","S"
"46201","","s"
"46203","","s"
"46204","","s"
"46206","","vs"
"46208","","os"
"46210","","whs"
"46213","","V\s"
"46214","","s"
"46224","","ɍs"
"46225","","ǎs"
"46303","","O"
"46304","","\"
"46404","",""
"46468","","蒬"
"46482","","ǒ"
"46501","","q"
"46502","","q"
"46523","","a"
"46524","","F"
"46525","","˓"
"46527","",""
"46529","","E"
"46530","","V"
"46531","","V钬"
"46532","","ɐ咬"
"46533","","a"
"46534","","m"
"46535","","^_"
"46536","","Fs"
"46537","","us"
"46538","","]s"
"46539","","s"
"46540","","ؖs"
"46541","","삳܎s"
"46542","","uzus"
"46543","","s"
"46544","","Bs"
"46545","","ܒ"
"46546","","N"
"46547","","э]"
"46548","",""
"46549","","̕t"
"46550","","v"
"47","ꌧ","ꌧS"
"47201","ꌧ","ߔes"
"47202","ꌧ","ΐs"
"47203","ꌧ","us"
"47205","ꌧ","Xps"
"47206","ꌧ","ǎs"
"47207","ꌧ","Ί_s"
"47208","ꌧ","YYs"
"47209","ꌧ","s"
"47210","ꌧ","s"
"47211","ꌧ","s"
"47212","ꌧ","Ls"
"47300","ꌧ","S"
"47301","ꌧ",""
"47302","ꌧ","X"
"47303","ꌧ",""
"47306","ꌧ","Am"
"47308","ꌧ","{"
"47311","ꌧ","["
"47313","ꌧ","X"
"47314","ꌧ",""
"47315","ꌧ","ɍ]"
"47320","ꌧ","S"
"47322","ꌧ","^ߏ钬"
"47323","ꌧ","A"
"47324","ꌧ","ǒJ"
"47325","ꌧ","Î["
"47326","ꌧ","kJ"
"47327","ꌧ","k鑺"
"47328","ꌧ","鑺"
"47329","ꌧ",""
"47340","ꌧ","KS"
"47343","ꌧ",""
"47344","ꌧ","u"
"47345","ꌧ","ʏ鑺"
"47346","ꌧ","mO"
"47347","ꌧ","~"
"47348","ꌧ","^ߌ"
"47349","ꌧ","嗢"
"47350","ꌧ","앗"
"47353","ꌧ","nÕ~"
"47354","ꌧ","Ԗ"
"47355","ꌧ",""
"47356","ꌧ","n쑺"
"47357","ꌧ","哌"
"47358","ꌧ","k哌"
"47359","ꌧ","ɕ"
"47360","ꌧ","ɐ"
"47361","ꌧ","vē"
"47370","ꌧ","{ÌS"
"47371","ꌧ","Ӓ"
"47372","ꌧ","n"
"47373","ꌧ","쑺"
"47374","ꌧ","ɗǕ"
"47375","ꌧ","Ǌԑ"
"47380","ꌧ","dRS"
"47381","ꌧ","|x"
"47382","ꌧ","^ߍ"
"47383","ꌧ","܎s"
"47384","ꌧ","{Ós"
"47385","ꌧ","s"
"47386","ꌧ","d"
"50001","CO","CO"
