"Job ID","Location ID","Title","Final URL","Image URL","Subtitle","Description","Category","Contextual keywords","Address","Salary","Tracking template","Custom parameter"
"128515","13","–¾¯“d‹CH–Š”®‰ïĞ","https://www.oreyume.com/kyujin/128515/","https://www.oreyume.com/data/85/job/jimu13.jpg","“Œ‹“s]“Œ‹æ‚É‚ ‚éæ•û...","H–±/“Œ‹“s]“Œ‹æ/“¹...","H–±","H–±/“Œ‹“s]“Œ‹æ/“¹˜HH–,{HŠÇ—,Œšİ,Œš’z,‹l,“]E","]“Œ‹æ,“Œ‹“s,“ú–{","ŒŠz‹‹—^–ñ31–œ ...","","",
"129386","13","“SŒšŒšİŠ”®‰ïĞ","https://www.oreyume.com/kyujin/129386/","https://www.oreyume.com/data/85/job/jimu11.jpg","“Œ‹“srì‹æ‚Ì…ˆ—ƒZ...","H–±/“Œ‹“srì‹æ/…...","H–±","H–±/“Œ‹“srì‹æ/…ˆ—ƒZƒ“ƒ^[‰üCH–,{HŠÇ—,Œšİ,Œš’z,‹l,“]E","rì‹æ,“Œ‹“s,“ú–{","ŒŠz‹‹—^–ñ30–œ ...","","",
"129984","14","ˆ®“ú“d‹CH‹ÆŠ”®‰ïĞ","https://www.oreyume.com/kyujin/129984/","https://www.oreyume.com/data/85/job/jimu01.jpg","_“ŞìŒ§‰¡•ls‚ÌRC‘¢...","H–±/_“ŞìŒ§‰¡•ls/...","H–±","H–±/_“ŞìŒ§‰¡•ls/RC‘¢‹¤“¯Z‘îV’zH–,{HŠÇ—,Œšİ,Œš’z,‹l,“]E","‰¡•ls¼‹æ,_“ŞìŒ§,“ú–{","ŒŠz‹‹—^–ñ31–œ ...","","",
"130575","7","‰ïĞ–¼”ñŒöŠJ","https://www.oreyume.com/kyujin/130575/","https://www.oreyume.com/data/85/job/jimu06.jpg","•Ÿ“‡Œ§‘o—tŒS‘åŒF’¬‚Ì’†...","H–±/•Ÿ“‡Œ§‘o—tŒS‘åŒF...","H–±","H–±/•Ÿ“‡Œ§‘o—tŒS‘åŒF’¬/’†ŠÔ’™‘ {İH–/hÉ‚Ì€”õ‰Â”\,{HŠÇ—,Œšİ,Œš’z,‹l,“]E","‘åŒF’¬,•Ÿ“‡Œ§,“ú–{","ŒŠz‹‹—^–ñ30–œ ...","","",
"135582","15","‰ïĞ–¼”ñŒöŠJ","https://www.oreyume.com/kyujin/135582/","https://www.oreyume.com/data/85/job/kikan21.jpg","VŠƒŒ§’·‰ªs‚Ì…‘…H–...","H–±/VŠƒŒ§’·‰ªs/…...","H–±","H–±/VŠƒŒ§’·‰ªs/…‘…H–,{HŠÇ—,Œšİ,Œš’z,‹l,“]E","’·‰ªs,VŠƒŒ§,“ú–{","ŒŠz‹‹—^–ñ56–œ ...","","",
"135614","15","‰ïĞ–¼”ñŒöŠJ","https://www.oreyume.com/kyujin/135614/","https://www.oreyume.com/data/85/job/kikan31.jpg","VŠƒŒ§”ès‚Ì“y–ØH–...","H–±/VŠƒŒ§”ès/“y...","H–±","H–±/VŠƒŒ§”ès/“y–ØH–,{HŠÇ—,Œšİ,Œš’z,‹l,“]E","”ès,VŠƒŒ§,“ú–{","ŒŠz‹‹—^–ñ52–œ ...","","",
"135858","13","‰ïĞ–¼”ñŒöŠJ","https://www.oreyume.com/kyujin/135858/","https://www.oreyume.com/data/85/job/jimu06.jpg","“Œ‹“s]“Œ‹æ‚Ìü˜HŠg’£...","H–±/“Œ‹“s]“Œ‹æ/ü...","H–±","H–±/“Œ‹“s]“Œ‹æ/ü˜HŠg’£H–,{HŠÇ—,Œšİ,Œš’z,‹l,“]E","]“Œ‹æ,“Œ‹“s,“ú–{","ŒŠz‹‹—^–ñ32–œ
...","","",
"141348","27","Ğ–¼”ñŒöŠJ","https://www.oreyume.com/kyujin/141348/","https://www.oreyume.com/data/85/job/kikan27.jpg","","–Ø‘¢Z‘î—pƒTƒbƒV‚ÉŠÖ‚·...","H–±","–Ø‘¢Z‘î—pƒTƒbƒV‚ÉŠÖ‚·‚é‰c‹ÆAŒ©Ï‘ì¬,{HŠÇ—,Œšİ,Œš’z,‹l,“]E","‚’Îs,‘åã•{,“ú–{","”Nû300`500...","","",
"141358","34","Ğ–¼”ñŒöŠJ","https://www.oreyume.com/kyujin/141358/","https://www.oreyume.com/data/85/job/kikan32.jpg","","ƒ‹[ƒg‰c‹Æi“n•ÓƒpƒCƒv...","H–±","ƒ‹[ƒg‰c‹Æi“n•ÓƒpƒCƒvƒOƒ‹[ƒv‚ÌƒOƒ‹[ƒv‰ïĞj,{HŠÇ—,Œšİ,Œš’z,‹l,“]E","“ù“úss,L“‡Œ§,“ú–{","Œ‹‹ 22–œ`35...","","",
"143116","27","Ğ–¼”ñŒöŠJ","https://www.oreyume.com/kyujin/143116/","https://www.oreyume.com/data/85/job/jimu13.jpg","","w”ƒ","H–±","w”ƒ,{HŠÇ—,Œšİ,Œš’z,‹l,“]E","‘åã•{‘Sˆæ,‘åã•{,“ú–{","y”Nûz310–œ`...","","",
"144687","13","‘å¬ƒƒeƒbƒNŠ”®‰ïĞ","https://www.oreyume.com/kyujin/144687/","https://www.oreyume.com/data/85/job/jimu11.jpg","“Œ‹“s]“Œ‹æ‚Ìæ•ûxĞ...","H–±/“Œ‹“s]“Œ‹æ/“y...","H–±","H–±/“Œ‹“s]“Œ‹æ/“y–ØH–,{HŠÇ—,Œšİ,Œš’z,‹l,“]E","]“Œ‹æ,“Œ‹“s,“ú–{","ŒŠz‹‹—^–ñ33–œ
...","","",
"144996","13","‘å¬ƒƒeƒbƒNŠ”®‰ïĞ","https://www.oreyume.com/kyujin/144996/","https://www.oreyume.com/data/85/job/jimu11.jpg","“Œ‹“s]“Œ‹æ‚É‚ ‚éæ•û...","H–±/“Œ‹“s]“Œ‹æ/“y...","H–±","H–±/“Œ‹“s]“Œ‹æ/“y–ØH–,{HŠÇ—,Œšİ,Œš’z,‹l,“]E","]“Œ‹æ,“Œ‹“s,“ú–{","ŒŠz‹‹—^–ñ31–œ ...","","",
"147658","31","‰ïĞ–¼”ñŒöŠJ","https://www.oreyume.com/kyujin/147658/","https://www.oreyume.com/data/85/job/kikan18.jpg","’¹æŒ§•Äqs‚ÌSRC‘¢...","H–±/’¹æŒ§•Äqs/S...","H–±","H–±/’¹æŒ§•Äqs/SRC‘¢Hê‰üCH–,{HŠÇ—,Œšİ,Œš’z,‹l,“]E","•Äqs,’¹æŒ§,“ú–{","ŒŠz‹‹—^–ñ33–œ
...","","",
"147843","31","Š”®‰ïĞ“Œ‹ƒGƒlƒVƒX","https://www.oreyume.com/kyujin/147843/","https://www.oreyume.com/data/85/job/kikan03.jpg","’¹æŒ§•Äqs‚ÌSRC‘¢...","CADƒIƒyƒŒ[ƒ^[/A...","H–±","CADƒIƒyƒŒ[ƒ^[/Auto CAD/H–±/’¹æŒ§•Äqs/SRC‘¢Hê‰üCH–/hÉE‘İ—^Ô‚Ì€”õ‰Â”\,{HŠÇ—,Œšİ,Œš’z,‹l,“]E","•Äqs,’¹æŒ§,“ú–{","ŒŠz‹‹—^–ñ30–œ
...","","",
"148757","21","Š”®‰ïĞƒ^ƒJƒIƒz[ƒ€ƒ\...","https://www.oreyume.com/kyujin/148757/","https://www.oreyume.com/data/85/job/kikan01.jpg","Šò•ŒŒ§Šò•Œs‚Ì–Ø‘¢Z‘î...","H–±/Šò•ŒŒ§Šò•Œs/–Ø...","H–±","H–±/Šò•ŒŒ§Šò•Œs/–Ø‘¢Z‘îH–,{HŠÇ—,Œšİ,Œš’z,‹l,“]E","Šò•Œs,Šò•ŒŒ§,“ú–{","ŒŠz‹‹—^–ñ25–œ`...","","",
